Rk,Player,Age,Team,Pos,G,GS,MP,FG,FGA,FG%,3P,3PA,3P%,2P,2PA,2P%,eFG%,FT,FTA,FT%,ORB,DRB,TRB,AST,STL,BLK,TOV,PF,PTS,Awards,Player-additional
1,Luka Dončić,26,LAL,PG,17,17,37.1,10.8,22.9,.472,3.6,10.7,.335,7.2,12.2,.591,.550,9.8,12.1,.810,0.8,8.4,9.2,9.1,1.5,0.6,4.4,2.5,35.0,,doncilu01
2,Shai Gilgeous-Alexander,27,OKC,PG,23,23,33.3,10.8,19.4,.556,2.2,5.0,.443,8.6,14.4,.595,.613,9.0,10.2,.881,0.5,4.3,4.7,6.4,1.4,0.7,1.7,2.0,32.8,,gilgesh01
3,Tyrese Maxey,25,PHI,PG,23,23,39.9,10.7,22.9,.467,3.7,9.3,.391,7.0,13.6,.519,.546,6.4,7.3,.881,0.3,4.4,4.7,7.2,1.7,0.9,2.7,2.3,31.5,,maxeyty01
4,Donovan Mitchell,29,CLE,SG,23,23,34.3,10.6,21.1,.502,4.0,10.4,.385,6.6,10.7,.615,.597,5.3,6.3,.836,1.0,3.9,4.8,5.5,1.4,0.3,3.4,2.4,30.5,,mitchdo01
5,Nikola Jokić,30,DEN,C,23,23,34.9,10.5,17.1,.612,2.1,5.0,.414,8.4,12.1,.694,.673,6.1,7.2,.855,3.0,9.3,12.3,11.0,1.3,0.8,3.5,2.8,29.2,,jokicni01
6,Jaylen Brown,29,BOS,SF,23,23,33.7,10.7,21.6,.496,2.1,5.9,.363,8.6,15.7,.546,.545,5.6,7.1,.785,1.2,5.0,6.2,4.9,1.1,0.4,3.6,3.1,29.1,,brownja02
7,Giannis Antetokounmpo,31,MIL,PF,17,17,29.1,11.1,17.3,.639,0.6,1.4,.435,10.5,15.9,.657,.656,6.2,9.8,.635,3.3,6.8,10.1,6.1,0.9,0.9,3.3,2.8,28.9,,antetgi01
8,Anthony Edwards,24,MIN,SG,20,20,34.4,9.7,19.3,.500,3.4,8.1,.416,6.3,11.3,.560,.587,6.0,7.2,.833,0.8,4.2,4.9,3.8,1.2,0.8,3.0,2.1,28.7,,edwaran01
9,Austin Reaves,27,LAL,SG,20,20,36.8,8.6,16.9,.509,2.9,7.7,.370,5.8,9.2,.625,.593,8.4,9.6,.874,0.8,4.7,5.5,6.7,1.1,0.2,3.4,2.2,28.4,,reaveau01
10,Jalen Brunson,29,NYK,PG,21,21,34.7,9.8,20.8,.471,2.7,7.4,.359,7.1,13.4,.534,.535,5.7,6.7,.857,0.5,2.6,3.1,6.4,0.8,0.0,2.3,2.3,28.0,,brunsja01
11,Stephen Curry,37,GSW,PG,16,16,31.1,9.1,19.4,.471,4.7,12.0,.391,4.4,7.4,.602,.592,4.9,5.4,.919,0.3,3.4,3.7,4.0,1.3,0.6,3.1,2.2,27.9,,curryst01
12,Lauri Markkanen,28,UTA,PF,22,22,35.1,9.2,19.5,.472,3.0,8.3,.361,6.2,11.2,.555,.549,6.2,6.8,.907,2.2,4.4,6.5,2.0,0.8,0.4,1.2,1.7,27.6,,markkla01
13,Cade Cunningham,24,DET,PG,21,21,36.4,9.5,21.0,.452,1.9,6.4,.299,7.6,14.7,.519,.498,6.5,7.8,.840,1.5,4.9,6.4,9.3,1.5,0.8,3.9,3.3,27.5,,cunnica01
14,James Harden,36,LAC,PG,23,23,35.3,7.7,17.5,.443,3.5,9.6,.367,4.2,7.9,.536,.544,7.8,8.7,.899,0.5,4.9,5.4,8.3,1.2,0.4,4.0,2.1,26.8,,hardeja01
15,Victor Wembanyama,22,SAS,C,12,12,34.7,9.3,18.4,.502,1.7,4.8,.345,7.6,13.6,.558,.548,6.0,7.0,.857,2.0,10.9,12.9,4.0,1.1,3.6,3.6,3.7,26.2,,wembavi01
16,Deni Avdija,25,POR,SF,24,24,34.3,7.8,16.3,.478,2.5,6.6,.380,5.3,9.7,.545,.555,7.8,9.6,.809,1.3,6.0,7.2,6.3,0.7,0.6,3.6,3.3,25.8,,avdijde01
17,Michael Porter Jr.,27,BRK,SF,19,19,32.8,9.3,18.7,.496,3.5,9.0,.392,5.7,9.7,.592,.590,3.8,4.6,.818,1.2,6.4,7.6,3.2,0.9,0.3,2.2,2.2,25.8,,portemi01
18,Kawhi Leonard,34,LAC,SF,14,14,31.7,9.1,18.4,.492,2.3,5.9,.390,6.8,12.6,.540,.554,4.9,5.1,.972,0.6,4.9,5.5,3.0,1.9,0.4,1.9,1.5,25.4,,leonaka01
19,Kevin Durant,37,HOU,SF,19,19,35.3,8.8,17.4,.505,1.7,4.5,.384,7.1,12.9,.547,.554,5.9,6.7,.890,0.3,4.5,4.8,3.9,1.0,0.6,2.8,2.5,25.3,,duranke01
20,Devin Booker,29,PHO,SG,22,22,34.7,8.1,17.8,.457,1.8,5.6,.315,6.4,12.2,.522,.506,7.0,8.0,.874,1.0,3.3,4.3,6.7,0.9,0.4,3.7,2.9,25.0,,bookede01
21,Jamal Murray,28,DEN,PG,22,22,35.0,9.1,18.0,.506,3.3,7.3,.447,5.8,10.6,.547,.597,3.6,4.0,.898,0.5,4.0,4.5,6.8,1.1,0.3,2.4,1.6,25.0,,murraja01
22,Norman Powell,32,MIA,SG,19,19,30.5,8.2,16.2,.505,3.0,6.7,.445,5.2,9.4,.547,.598,5.5,6.3,.867,0.4,3.2,3.6,2.4,1.1,0.3,1.9,2.5,24.8,,powelno01
23,Pascal Siakam,31,IND,PF,23,23,34.2,9.0,18.6,.481,1.8,4.9,.366,7.2,13.7,.522,.529,4.8,7.0,.683,1.6,5.4,7.0,4.1,1.3,0.5,2.2,2.8,24.5,,siakapa01
24,De'Aaron Fox,28,SAS,PG,15,15,32.7,8.4,17.3,.486,2.4,6.3,.379,6.0,10.9,.549,.556,5.1,6.0,.844,0.9,2.9,3.7,6.5,1.3,0.3,3.5,2.4,24.3,,foxde01
25,Tyler Herro,26,MIA,SG,5,5,31.4,8.6,16.4,.524,3.0,6.2,.484,5.6,10.2,.549,.616,3.6,3.8,.947,0.6,4.0,4.6,2.2,1.2,0.6,1.2,1.4,23.8,,herroty01
26,Jalen Johnson,24,ATL,SF,22,22,35.2,8.5,15.8,.534,1.6,4.0,.404,6.8,11.8,.579,.586,4.9,6.0,.805,1.3,9.1,10.5,7.9,1.6,0.4,3.3,2.1,23.4,,johnsja05
27,Alperen Şengün,23,HOU,C,19,19,35.9,8.5,16.8,.505,1.1,2.7,.385,7.4,14.1,.528,.536,5.1,6.8,.738,2.9,6.2,9.1,7.1,1.3,1.0,3.3,3.4,23.1,,sengual01
28,Julius Randle,31,MIN,PF,24,24,33.7,7.7,15.5,.499,1.8,4.9,.356,6.0,10.5,.565,.555,5.7,6.9,.830,1.5,5.6,7.1,6.0,1.0,0.2,2.7,2.6,22.9,,randlju01
29,Franz Wagner,24,ORL,SF,24,24,33.4,7.8,15.9,.490,1.5,4.2,.360,6.3,11.8,.535,.537,5.6,6.8,.823,1.5,4.6,6.1,3.7,1.2,0.4,1.8,2.2,22.7,,wagnefr01
30,Karl-Anthony Towns,30,NYK,C,22,22,33.1,7.4,15.8,.467,1.9,5.4,.353,5.5,10.4,.526,.527,5.8,6.6,.883,3.1,8.8,11.9,3.4,0.8,0.7,2.6,3.4,22.5,,townska01
31,Keyonte George,22,UTA,PG,23,23,33.4,7.0,16.0,.436,2.1,6.3,.329,4.9,9.6,.507,.501,6.2,6.9,.905,0.5,3.4,3.9,6.7,0.8,0.3,3.6,2.3,22.2,,georgke01
32,Dillon Brooks,30,PHO,SF,18,18,31.3,8.2,18.2,.453,2.3,7.4,.306,5.9,10.7,.554,.515,3.3,4.1,.822,0.8,2.3,3.1,1.9,1.5,0.1,2.3,3.5,22.1,,brookdi01
33,Coby White,25,CHI,SG,7,5,29.3,6.7,15.6,.431,2.3,7.6,.302,4.4,8.0,.554,.505,6.4,8.0,.804,0.3,2.4,2.7,5.4,0.6,0.0,3.0,2.1,22.1,,whiteco01
34,Zion Williamson,25,NOP,PF,10,10,30.9,7.4,14.5,.510,0.0,0.3,.000,7.4,14.2,.521,.510,7.3,10.1,.723,2.3,3.3,5.6,4.0,1.6,0.5,3.1,2.3,22.1,,willizi01
35,Kevin Porter Jr.,25,MIL,PG,6,6,28.8,7.2,12.8,.558,3.5,5.7,.618,3.7,7.2,.512,.695,4.0,4.5,.889,0.5,3.0,3.5,5.8,2.2,0.3,2.3,1.7,21.8,,porteke02
36,Bennedict Mathurin,23,IND,SF,13,13,32.8,6.6,14.4,.460,2.8,6.6,.430,3.8,7.8,.485,.559,5.4,6.5,.833,0.8,4.8,5.6,2.3,0.8,0.2,2.9,3.0,21.5,,mathube01
37,Cam Thomas,24,BRK,SG,8,8,28.3,6.6,16.5,.402,2.0,5.6,.356,4.6,10.9,.425,.462,6.1,7.0,.875,0.4,1.0,1.4,2.6,0.5,0.1,2.0,1.9,21.4,,thomaca02
38,Brandon Ingram,28,TOR,SF,25,25,33.9,7.9,17.0,.466,1.4,4.5,.319,6.5,12.5,.519,.508,3.9,4.8,.808,0.8,5.1,5.8,3.7,0.8,0.6,3.1,2.1,21.2,,ingrabr01
39,Shaedon Sharpe,22,POR,SG,20,14,28.4,7.7,17.5,.438,1.6,6.1,.264,6.1,11.4,.531,.484,4.2,5.3,.800,1.2,3.6,4.8,2.3,1.4,0.2,2.9,2.3,21.1,,sharpsh01
40,Miles Bridges,27,CHO,PF,24,24,34.7,7.3,17.0,.425,2.4,7.7,.308,4.9,9.3,.522,.495,4.1,4.8,.852,1.0,5.3,6.3,3.6,0.6,0.5,1.6,1.9,21.0,,bridgmi02
41,Trey Murphy III,25,NOP,SF,23,23,35.7,7.3,15.3,.477,2.8,7.7,.362,4.5,7.6,.594,.568,3.7,4.0,.913,1.4,5.0,6.4,3.6,1.7,0.2,2.1,2.2,21.0,,murphtr02
42,Nickeil Alexander-Walker,27,ATL,SG,23,20,32.7,7.1,15.1,.468,2.9,7.3,.391,4.2,7.8,.542,.563,3.6,4.2,.856,0.8,2.7,3.5,3.4,1.0,0.7,2.2,2.2,20.7,,alexani01
43,Zach LaVine,30,SAC,SG,22,22,33.5,7.3,15.0,.486,2.8,7.1,.389,4.5,7.9,.575,.579,3.2,3.7,.866,0.3,2.8,3.1,2.3,0.8,0.2,2.2,2.2,20.6,,lavinza01
44,Paolo Banchero,23,ORL,PF,14,14,31.3,6.4,14.1,.452,1.1,3.7,.288,5.3,10.4,.510,.490,6.6,8.5,.773,0.9,7.1,7.9,3.8,0.6,0.8,2.4,2.2,20.4,,banchpa01
45,Josh Giddey,23,CHI,PG,21,21,34.1,7.0,14.8,.474,1.8,4.6,.396,5.2,10.2,.509,.535,4.5,6.0,.740,1.3,8.2,9.5,8.9,1.0,0.5,3.7,1.9,20.3,,giddejo01
46,Scottie Barnes,24,TOR,PF,25,25,33.8,7.6,15.0,.509,1.4,3.5,.398,6.2,11.5,.544,.556,3.3,3.9,.847,2.1,5.8,8.0,5.3,1.4,1.6,2.4,3.1,20.0,,barnesc01
47,Anthony Davis,32,DAL,PF,10,10,29.3,8.0,15.3,.523,0.7,2.1,.333,7.3,13.2,.553,.546,2.9,4.2,.690,3.0,7.2,10.2,3.2,1.2,1.6,1.7,2.1,19.6,,davisan02
48,Jimmy Butler,36,GSW,SF,21,21,30.8,6.0,11.5,.519,1.0,2.0,.465,5.0,9.4,.530,.560,6.6,7.8,.848,2.2,3.5,5.7,5.0,1.6,0.2,1.4,1.2,19.5,,butleji01
49,Jerami Grant,31,POR,PF,23,11,29.7,5.7,13.0,.438,2.3,6.0,.394,3.3,7.0,.475,.528,5.7,6.7,.857,1.1,2.7,3.8,2.7,0.8,0.6,2.0,3.0,19.5,,grantje01
50,LaMelo Ball,24,CHO,PG,16,16,28.9,6.7,17.3,.386,2.4,8.6,.285,4.3,8.8,.486,.457,3.6,4.1,.877,1.1,4.9,6.0,8.5,1.1,0.2,3.3,3.1,19.4,,ballla01
51,RJ Barrett,25,TOR,SF,17,17,30.9,7.1,13.9,.506,1.8,5.1,.356,5.2,8.8,.593,.572,3.4,4.7,.725,0.7,4.1,4.8,3.8,0.8,0.2,1.5,2.6,19.4,,barrerj01
52,Bam Adebayo,28,MIA,C,18,18,30.5,6.9,14.4,.477,1.8,5.1,.352,5.1,9.4,.544,.538,3.6,4.6,.793,1.4,7.6,9.0,2.6,1.0,0.8,1.8,1.3,19.2,,adebaba01
53,Kristaps Porziņģis,30,ATL,C,13,12,25.9,6.4,12.8,.497,1.8,5.1,.364,4.5,7.8,.584,.569,4.5,5.3,.855,1.5,4.2,5.6,3.1,0.5,1.6,0.9,3.4,19.2,,porzikr01
54,Alex Sarr,20,WAS,C,16,16,29.7,7.8,15.1,.515,1.1,3.3,.346,6.6,11.8,.561,.552,2.4,3.8,.639,2.4,6.2,8.6,3.3,0.8,2.0,2.1,2.1,19.1,,sarral01
55,Evan Mobley,24,CLE,PF,24,24,34.1,7.0,14.0,.500,1.5,4.3,.353,5.5,9.8,.564,.554,3.4,5.4,.631,2.5,6.7,9.1,4.0,1.0,1.7,2.3,2.3,18.9,,mobleev01
56,Jalen Duren,22,DET,C,21,21,29.2,6.9,10.5,.655,0.0,0.0,,6.9,10.5,.655,.655,5.1,6.8,.754,4.2,7.3,11.5,1.8,0.8,1.0,2.6,3.3,18.8,,durenja01
57,Aaron Gordon,30,DEN,PF,13,13,28.3,6.3,11.8,.532,2.2,4.8,.444,4.2,7.0,.593,.623,4.0,4.6,.867,1.5,4.5,5.9,1.3,0.8,0.2,1.4,1.8,18.8,,gordoaa01
58,Chet Holmgren,23,OKC,PF,20,20,28.9,7.1,12.4,.575,1.4,3.9,.364,5.7,8.5,.671,.632,3.0,3.8,.787,1.5,6.6,8.1,1.7,0.7,1.5,2.1,3.2,18.6,,holmgch01
59,CJ McCollum,34,WAS,SG,22,22,30.0,6.6,15.0,.442,3.0,7.5,.402,3.6,7.5,.482,.542,2.3,2.9,.797,0.5,2.5,3.0,3.4,0.7,0.3,1.6,2.3,18.6,,mccolcj01
60,Desmond Bane,27,ORL,SG,24,24,33.0,6.5,14.9,.439,1.6,5.0,.325,4.9,9.9,.496,.493,3.5,3.8,.934,1.3,3.1,4.4,4.5,0.8,0.3,2.1,3.0,18.3,,banede01
61,Joel Embiid,31,PHI,C,9,9,25.1,6.1,15.0,.407,1.0,4.7,.214,5.1,10.3,.495,.441,5.0,5.9,.849,1.3,4.2,5.6,3.0,0.8,1.3,2.3,1.9,18.2,,embiijo01
62,DeMar DeRozan,36,SAC,PF,24,24,33.1,6.5,13.1,.498,0.8,2.0,.367,5.8,11.1,.523,.527,4.1,4.6,.892,0.6,2.5,3.1,3.5,1.3,0.2,1.1,2.1,18.0,,derozde01
63,Kon Knueppel,20,CHO,SF,24,23,33.5,6.3,13.7,.459,3.4,8.4,.403,2.9,5.3,.547,.582,2.1,2.3,.909,1.0,4.5,5.5,3.3,0.8,0.2,2.4,2.3,18.0,,knuepko01
64,Ja Morant,26,MEM,PG,12,12,28.8,5.8,16.3,.359,0.8,5.0,.167,5.0,11.3,.444,.385,5.4,5.8,.942,0.5,3.0,3.5,7.6,1.0,0.1,3.8,2.3,17.9,,moranja01
65,Andrew Nembhard,26,IND,PG,16,16,31.1,5.9,13.5,.435,1.8,5.1,.358,4.1,8.4,.481,.502,4.3,5.1,.841,0.3,1.8,2.1,6.6,0.9,0.2,2.4,2.5,17.9,,nembhan01
66,Jalen Williams,24,OKC,SG,5,5,29.0,7.0,15.2,.461,0.6,2.2,.273,6.4,13.0,.492,.480,3.2,3.2,1.000,0.4,4.8,5.2,6.4,1.2,1.0,1.2,2.0,17.8,,willija06
67,Trae Young,27,ATL,PG,5,5,27.8,5.2,14.0,.371,1.0,5.2,.192,4.2,8.8,.477,.407,6.4,7.8,.821,0.0,2.0,2.0,7.8,0.8,0.2,2.0,1.8,17.8,,youngtr01
68,Ryan Rollins,23,MIL,PG,25,24,32.3,6.8,14.2,.476,2.3,5.8,.390,4.5,8.4,.536,.556,1.7,2.2,.782,0.8,3.4,4.2,6.0,1.6,0.3,2.6,2.8,17.5,,rolliry01
69,Derrick White,31,BOS,SG,23,23,33.2,6.1,15.5,.393,3.1,9.1,.338,3.0,6.3,.473,.493,2.2,2.7,.836,0.8,3.3,4.1,5.3,1.5,1.3,1.7,2.0,17.5,,whitede01
70,Stephon Castle,21,SAS,PG,14,14,31.4,5.9,12.1,.482,0.9,3.7,.250,4.9,8.4,.585,.521,4.7,6.6,.710,1.6,4.1,5.8,7.4,1.6,0.4,3.9,3.6,17.4,,castlst01
71,Amen Thompson,23,HOU,PG,21,21,36.0,6.8,14.2,.477,0.4,2.1,.205,6.3,12.1,.524,.492,3.4,4.3,.800,2.5,4.5,7.0,5.1,1.4,0.5,2.7,2.6,17.4,,thompam01
72,Cooper Flagg,19,DAL,SF,24,24,33.7,6.7,14.0,.475,0.9,3.5,.253,5.8,10.6,.547,.506,3.1,3.8,.822,1.2,5.1,6.3,3.3,1.3,0.7,2.2,2.2,17.3,,flaggco01
73,Jordan Poole,26,NOP,PG,7,4,30.3,5.0,14.1,.354,2.9,8.4,.339,2.1,5.7,.375,.455,4.4,4.6,.969,0.4,1.3,1.7,3.4,0.3,0.3,2.1,2.6,17.3,,poolejo01
74,Domantas Sabonis,29,SAC,C,11,11,33.2,6.7,13.2,.510,0.4,1.8,.200,6.4,11.4,.560,.524,3.4,4.6,.725,3.4,8.9,12.3,3.7,1.2,0.2,2.5,4.0,17.2,,sabondo01
75,Payton Pritchard,28,BOS,PG,24,24,32.4,6.3,14.0,.449,2.7,8.0,.340,3.6,6.0,.593,.546,1.8,2.1,.860,1.1,3.2,4.3,5.0,0.8,0.1,1.3,1.8,17.1,,pritcpa01
76,Jaren Jackson Jr.,26,MEM,C,22,22,29.3,6.2,13.4,.464,1.5,4.6,.333,4.7,8.8,.534,.522,3.0,3.8,.786,0.9,4.1,5.0,1.9,0.8,1.0,2.0,4.0,17.0,,jacksja02
77,Grayson Allen,30,PHO,SG,16,16,31.4,5.8,13.3,.439,3.4,8.5,.404,2.4,4.8,.500,.568,1.9,2.4,.769,0.5,2.4,2.9,3.9,1.6,0.3,1.8,2.6,16.9,,allengr01
78,Kelly Oubre Jr.,30,PHI,SF,12,12,34.8,6.2,12.4,.497,1.9,5.6,.343,4.3,6.8,.622,.574,2.5,3.2,.789,1.2,3.9,5.1,1.3,1.1,0.8,1.5,2.7,16.8,,oubreke01
79,Andrew Wiggins,30,MIA,SF,21,21,32.8,6.6,13.6,.483,1.7,4.6,.371,4.9,9.0,.540,.545,1.9,2.7,.702,1.6,3.5,5.0,3.0,1.0,1.1,1.9,2.5,16.8,,wiggian01
80,Jrue Holiday,35,POR,PG,12,12,33.4,6.2,13.8,.446,2.6,7.1,.365,3.6,6.8,.531,.539,1.8,2.1,.840,1.3,3.9,5.3,8.3,1.6,0.3,2.9,2.0,16.7,,holidjr01
81,Mikal Bridges,29,NYK,SF,23,23,34.3,6.5,12.2,.530,2.3,5.5,.413,4.2,6.7,.626,.623,1.3,1.6,.806,1.2,3.4,4.6,4.3,2.0,1.1,1.0,2.3,16.5,,bridgmi01
82,Quentin Grimes,25,PHI,SG,22,4,32.9,5.3,11.8,.452,2.4,6.4,.371,3.0,5.4,.546,.552,3.5,4.1,.857,0.8,3.3,4.0,4.4,0.9,0.4,2.7,2.2,16.5,,grimequ01
83,Immanuel Quickley,26,TOR,PG,25,25,32.2,6.0,12.8,.470,2.5,6.6,.382,3.5,6.2,.564,.569,1.9,2.6,.750,0.4,3.8,4.2,6.2,1.2,0.0,1.8,2.2,16.5,,quickim01
84,Brandon Miller,23,CHO,SF,8,8,26.1,5.5,15.0,.367,2.3,7.9,.286,3.3,7.1,.456,.442,3.1,3.8,.833,0.6,1.9,2.5,3.1,0.8,1.1,2.3,2.1,16.4,,millebr02
85,LeBron James,41,LAL,SF,7,7,33.1,6.4,13.9,.464,1.6,4.7,.333,4.9,9.1,.531,.521,1.7,3.1,.545,0.7,4.0,4.7,7.6,0.7,0.3,1.9,1.4,16.1,,jamesle01
86,De'Andre Hunter,28,CLE,SF,21,21,28.8,5.5,12.3,.444,2.0,6.3,.311,3.5,6.0,.583,.523,3.0,3.7,.831,0.7,3.7,4.3,2.5,0.8,0.1,1.7,2.9,16.0,,huntede01
87,Onyeka Okongwu,25,ATL,C,24,13,30.8,6.1,12.1,.507,1.8,5.2,.355,4.3,6.9,.620,.583,2.0,2.6,.758,1.8,5.6,7.4,3.0,0.9,1.1,1.9,3.4,16.0,,okongon01
88,OG Anunoby,28,NYK,PF,14,14,30.3,5.9,12.1,.485,2.6,6.3,.409,3.3,5.8,.568,.592,1.6,2.1,.759,1.4,3.9,5.3,1.9,1.9,0.6,1.7,2.4,15.9,,anunoog01
89,Nikola Vučević,35,CHI,C,22,22,30.5,6.3,13.2,.479,1.9,4.9,.380,4.5,8.3,.538,.550,1.4,1.7,.789,2.3,7.1,9.5,3.4,0.8,0.3,1.8,2.4,15.9,,vucevni01
90,P.J. Washington,27,DAL,PF,20,20,32.0,5.9,13.3,.440,1.6,4.8,.333,4.3,8.5,.500,.500,2.6,3.8,.684,1.4,6.4,7.8,2.2,1.2,1.2,2.6,2.3,15.9,,washipj01
91,Ivica Zubac,28,LAC,C,24,24,32.8,7.0,11.8,.599,0.0,0.0,,7.0,11.8,.599,.599,1.8,2.6,.710,3.5,8.1,11.6,2.6,0.5,0.9,2.0,2.7,15.9,,zubaciv01
92,Jaime Jaquez Jr.,24,MIA,SF,23,0,29.4,6.3,12.2,.516,0.3,1.5,.229,6.0,10.7,.557,.530,2.9,3.7,.767,1.4,4.6,6.0,5.1,0.7,0.3,2.1,2.3,15.8,,jaqueja01
93,Devin Vassell,25,SAS,SG,23,23,32.4,5.6,12.8,.437,2.8,7.0,.398,2.8,5.8,.485,.546,1.7,2.0,.870,0.4,3.3,3.7,2.4,1.0,0.4,1.0,2.4,15.7,,vassede01
94,Jalen Green,23,PHO,SG,2,2,15.0,5.5,11.5,.478,3.0,7.0,.429,2.5,4.5,.556,.609,1.5,2.5,.600,1.0,1.0,2.0,2.0,1.0,0.0,1.0,1.0,15.5,,greenja05
95,Jaden McDaniels,25,MIN,PF,23,23,32.5,6.0,11.4,.525,1.6,3.4,.456,4.4,8.0,.554,.593,2.0,2.3,.849,1.3,3.5,4.7,2.5,1.2,1.0,1.8,3.6,15.5,,mcdanja02
96,Aaron Nesmith,26,IND,SF,11,11,30.5,4.9,13.4,.367,2.8,7.5,.373,2.1,5.8,.359,.473,2.8,3.5,.795,1.5,2.9,4.5,1.5,0.8,0.3,0.7,2.5,15.5,,nesmiaa01
97,Collin Sexton,27,CHO,SG,21,10,25.2,5.2,10.7,.489,1.2,3.4,.366,4.0,7.3,.545,.547,3.8,4.3,.879,0.4,1.8,2.2,4.2,0.7,0.2,2.5,1.9,15.5,,sextoco01
98,Jeremiah Fears,19,NOP,PG,25,23,27.7,5.7,13.1,.436,1.2,3.4,.369,4.5,9.8,.459,.483,2.7,3.4,.798,0.7,2.7,3.4,3.1,1.4,0.2,2.2,2.0,15.4,,fearsje01
99,Keegan Murray,25,SAC,PF,9,8,37.8,6.0,13.9,.432,1.6,5.9,.264,4.4,8.0,.556,.488,1.9,2.4,.773,1.8,5.8,7.6,1.7,1.8,1.3,0.8,2.1,15.4,,murrake02
100,Deandre Ayton,27,LAL,C,21,21,29.5,7.1,10.0,.706,0.0,0.0,,7.1,10.0,.706,.706,1.1,1.6,.676,2.8,6.0,8.8,0.9,0.7,1.1,2.0,2.6,15.3,,aytonde01
101,Jabari Smith Jr.,22,HOU,PF,20,20,33.4,5.5,12.0,.456,2.0,5.5,.364,3.5,6.5,.535,.540,2.4,3.0,.783,1.4,5.1,6.4,1.9,0.8,0.8,1.2,2.9,15.3,,smithja05
102,Ayo Dosunmu,26,CHI,SG,20,7,27.8,5.5,10.5,.519,1.9,4.0,.475,3.6,6.5,.546,.610,2.4,2.8,.857,0.4,2.3,2.7,3.2,0.6,0.3,1.4,1.8,15.2,,dosunay01
103,Kyshawn George,22,WAS,SF,20,20,31.5,5.4,11.5,.470,2.5,5.5,.450,3.0,6.1,.488,.576,1.9,2.6,.745,0.8,5.1,5.9,4.8,1.1,0.9,3.4,4.2,15.2,,georgky01
104,Tobias Harris,33,DET,PF,14,14,29.7,5.2,11.5,.453,1.8,4.7,.379,3.4,6.8,.505,.531,2.5,3.0,.833,0.9,4.1,5.1,2.4,0.4,0.3,1.1,2.4,14.7,,harrito02
105,Jalen Suggs,24,ORL,PG,19,19,25.2,5.1,11.1,.455,1.9,5.9,.330,3.1,5.2,.596,.543,2.6,2.9,.891,0.8,3.0,3.8,4.7,1.9,0.6,2.7,3.2,14.6,,suggsja01
106,VJ Edgecombe,20,PHI,SG,20,20,34.6,5.4,13.1,.414,1.9,5.1,.376,3.5,8.0,.438,.487,1.7,2.2,.767,1.8,3.9,5.7,4.0,1.3,0.5,1.8,3.2,14.4,,edgecvj01
107,Walker Kessler,24,UTA,C,5,5,30.8,5.2,7.4,.703,1.2,1.6,.750,4.0,5.8,.690,.784,2.8,4.0,.700,4.6,6.2,10.8,3.0,1.4,1.8,3.2,4.4,14.4,,kesslwa01
108,Ajay Mitchell,23,OKC,SG,24,7,26.6,5.2,11.1,.464,1.1,3.3,.342,4.0,7.8,.516,.515,3.0,3.4,.877,0.5,2.8,3.3,3.6,1.5,0.3,1.6,2.1,14.4,,mitchaj01
109,Jarrett Allen,27,CLE,C,15,15,26.1,5.5,9.5,.573,0.0,0.3,.000,5.5,9.3,.590,.573,3.4,4.4,.773,2.4,5.2,7.6,1.8,1.0,0.9,1.6,1.5,14.3,,allenja01
110,Saddiq Bey,26,NOP,SF,24,16,29.3,5.1,11.3,.456,1.8,5.3,.349,3.3,6.0,.549,.537,2.2,3.0,.746,1.8,4.2,5.9,2.2,1.0,0.1,0.6,1.1,14.3,,beysa01
111,Paul George,35,PHI,PF,8,8,24.4,4.8,11.4,.418,1.9,5.4,.349,2.9,6.0,.479,.500,2.8,3.4,.815,0.4,4.6,5.0,3.1,1.6,0.4,1.4,1.5,14.1,,georgpa01
112,Matas Buzelis,21,CHI,PF,23,23,28.6,5.0,10.9,.464,1.5,4.6,.330,3.5,6.3,.563,.534,2.3,2.9,.818,1.2,4.5,5.7,1.6,0.9,1.4,2.1,2.8,14.0,,buzelma01
113,Darius Garland,26,CLE,PG,9,9,28.3,4.6,12.9,.353,1.9,5.9,.321,2.7,7.0,.381,.427,3.0,3.4,.871,0.8,2.2,3.0,6.2,0.7,0.1,2.8,1.8,14.0,,garlada01
114,Rui Hachimura,27,LAL,PF,22,22,33.1,5.4,10.1,.536,2.0,4.2,.462,3.5,5.9,.589,.633,1.2,1.6,.750,0.8,3.0,3.9,0.8,0.5,0.2,1.0,1.7,14.0,,hachiru01
115,Obi Toppin,27,IND,PF,3,0,27.3,5.0,12.0,.417,1.0,5.7,.176,4.0,6.3,.632,.458,3.0,3.0,1.000,1.0,5.7,6.7,1.7,1.0,0.0,2.0,2.3,14.0,,toppiob01
116,Sam Merrill,29,CLE,SG,12,8,25.9,4.5,9.7,.466,3.7,8.3,.444,0.8,1.4,.588,.655,1.3,1.3,.938,0.8,1.3,2.1,2.3,0.5,0.3,0.8,2.9,13.9,,merrisa01
117,Russell Westbrook,37,SAC,SF,24,18,28.8,5.2,11.9,.437,1.9,5.1,.374,3.3,6.8,.485,.517,1.5,2.5,.617,1.6,5.4,7.0,7.3,1.4,0.2,3.3,2.4,13.9,,westbru01
118,Aaron Wiggins,27,OKC,SG,13,5,25.4,5.2,10.8,.486,2.5,5.8,.434,2.7,4.9,.547,.604,0.8,1.0,.769,0.8,2.4,3.2,2.2,0.5,0.6,1.2,2.2,13.8,,wiggiaa01
119,Nic Claxton,26,BRK,C,23,23,30.2,5.1,9.2,.557,0.0,0.5,.091,5.1,8.7,.582,.559,3.3,4.7,.694,2.8,4.9,7.7,4.5,0.7,1.4,1.5,2.3,13.6,,claxtni01
120,Zach Edey,23,MEM,C,11,11,25.8,5.6,8.9,.633,0.1,0.5,.200,5.5,8.5,.656,.638,2.3,2.9,.781,3.9,7.2,11.1,1.1,0.6,1.9,2.4,3.4,13.6,,edeyza01
121,Collin Gillespie,26,PHO,PG,24,5,27.1,4.8,10.8,.440,3.0,7.0,.429,1.8,3.8,.462,.579,1.1,1.3,.867,1.0,2.8,3.8,4.8,1.1,0.3,1.8,1.4,13.6,,gilleco01
122,Dylan Harper,19,SAS,SG,13,0,21.8,5.2,10.8,.479,0.7,2.5,.281,4.5,8.3,.537,.511,2.5,3.4,.727,0.9,2.2,3.1,3.9,0.9,0.0,1.5,2.2,13.5,,harpedy01
123,De'Anthony Melton,27,GSW,PG,2,0,19.0,4.5,10.0,.450,1.5,4.5,.333,3.0,5.5,.545,.525,3.0,4.0,.750,0.0,1.0,1.0,2.0,2.0,0.5,2.0,2.5,13.5,,meltode01
124,Naz Reid,26,MIN,C,24,0,25.8,5.1,11.2,.454,2.3,6.1,.381,2.8,5.1,.541,.558,1.0,1.3,.767,1.2,4.8,6.0,2.3,1.0,0.9,1.5,2.6,13.5,,reidna01
125,Harrison Barnes,33,SAS,PF,23,23,31.1,4.7,9.5,.493,2.4,5.5,.433,2.3,4.0,.576,.619,1.6,1.8,.881,0.9,2.5,3.4,2.2,1.0,0.2,1.3,1.7,13.4,,barneha02
126,Anfernee Simons,26,BOS,SG,24,0,23.6,4.8,10.8,.440,2.5,6.1,.401,2.3,4.7,.491,.554,1.4,1.6,.872,0.4,1.9,2.3,2.5,0.5,0.2,1.1,2.0,13.4,,simonan01
127,Noah Clowney,21,BRK,PF,23,17,28.1,4.0,9.5,.417,2.3,6.4,.361,1.7,3.1,.535,.539,3.1,3.8,.818,0.8,3.0,3.8,1.7,0.6,0.7,1.7,2.6,13.3,,clownno01
128,Cedric Coward,22,MEM,SG,24,11,27.1,4.8,10.5,.451,1.5,4.6,.318,3.3,6.0,.552,.520,2.4,2.8,.838,1.3,4.8,6.2,2.7,0.6,0.3,1.5,1.9,13.3,,cowarce01
129,Anthony Black,22,ORL,PG,24,4,28.0,4.7,10.4,.454,1.1,3.6,.314,3.6,6.8,.528,.508,2.6,3.8,.692,0.7,3.3,3.9,3.1,1.3,0.6,2.1,2.4,13.2,,blackan01
130,Donte DiVincenzo,29,MIN,SG,24,24,31.1,4.2,10.2,.414,3.0,7.9,.381,1.2,2.3,.527,.561,1.8,2.1,.840,0.8,3.2,4.0,3.7,1.1,0.4,1.4,2.3,13.2,,divindo01
131,Tre Jones,26,CHI,PG,17,11,28.6,4.4,8.2,.529,0.5,1.5,.320,3.9,6.8,.574,.557,4.1,4.8,.852,0.6,2.6,3.2,4.9,1.7,0.2,1.6,1.7,13.2,,jonestr01
132,Mark Williams,24,PHO,C,20,17,25.2,5.2,7.9,.658,0.1,0.1,1.000,5.2,7.9,.656,.661,2.8,3.6,.764,3.3,5.4,8.6,1.1,1.4,0.8,1.1,2.8,13.2,,willima07
133,Santi Aldama,25,MEM,PF,24,2,26.0,5.0,10.7,.469,1.4,4.3,.330,3.6,6.4,.562,.535,1.7,2.5,.683,1.4,5.1,6.5,3.0,1.0,0.7,1.1,1.3,13.1,,aldamsa01
134,Keldon Johnson,26,SAS,SF,23,0,24.1,5.0,8.7,.575,0.8,2.6,.322,4.2,6.1,.681,.623,2.1,2.8,.766,2.0,4.5,6.5,1.8,0.7,0.1,1.0,2.0,13.0,,johnske04
135,Reed Sheppard,21,HOU,SG,21,4,24.9,4.9,10.2,.477,2.6,5.8,.446,2.3,4.4,.516,.603,0.7,1.0,.714,0.3,2.8,3.1,3.3,1.6,0.5,1.3,2.0,13.0,,sheppre01
136,Jaylon Tyson,23,CLE,SG,20,15,27.7,5.0,9.5,.529,2.2,4.6,.467,2.9,4.9,.588,.643,0.9,1.2,.708,2.1,3.3,5.4,1.9,1.1,0.7,1.0,3.5,13.0,,tysonja01
137,Isaiah Joe,26,OKC,SG,17,0,23.4,3.9,8.6,.456,2.9,6.9,.419,1.1,1.8,.600,.622,2.1,2.3,.923,0.5,2.3,2.8,1.5,0.6,0.2,0.9,1.8,12.9,,joeis01
138,Derik Queen,21,NOP,C,25,13,24.9,4.8,9.6,.496,0.1,0.7,.111,4.7,8.9,.527,.500,3.3,4.1,.796,1.7,4.7,6.4,3.9,1.0,0.8,2.3,3.3,12.9,,queende01
139,Kyle Kuzma,30,MIL,PF,24,10,25.9,4.8,9.8,.496,0.9,2.8,.333,3.9,7.0,.560,.543,2.2,3.0,.732,0.8,3.6,4.4,2.2,0.9,0.5,1.5,2.5,12.8,,kuzmaky01
140,Naji Marshall,28,DAL,SF,25,6,27.5,4.2,8.2,.517,1.0,3.1,.312,3.3,5.1,.641,.576,3.1,3.9,.804,0.9,4.0,5.0,2.5,1.2,0.1,1.1,2.1,12.6,,marshna01
141,Malik Monk,27,SAC,SG,21,0,23.5,4.7,10.8,.438,1.8,4.6,.396,2.9,6.2,.469,.522,1.4,1.6,.853,0.4,1.6,2.0,2.3,0.9,0.5,1.0,1.8,12.6,,monkma01
142,Myles Turner,29,MIL,C,25,25,28.7,4.2,9.6,.438,2.3,5.9,.392,1.9,3.7,.511,.558,1.9,2.6,.727,1.0,4.6,5.7,1.7,0.9,1.6,1.1,2.8,12.6,,turnemy01
143,Brandin Podziemski,22,GSW,SG,25,11,27.7,4.4,9.9,.441,2.0,4.9,.398,2.4,5.0,.484,.540,1.8,2.4,.767,0.7,4.0,4.7,3.0,1.2,0.2,1.5,2.1,12.5,,podzibr01
144,Toumani Camara,25,POR,PF,24,24,33.6,4.5,10.8,.413,2.4,7.0,.339,2.1,3.8,.549,.523,1.1,1.6,.692,2.1,3.3,5.3,2.8,1.1,0.6,2.1,3.2,12.4,,camarto01
145,Jonathan Kuminga,23,GSW,PF,17,13,25.6,4.5,10.4,.438,0.9,2.9,.320,3.6,7.4,.484,.483,2.4,3.2,.741,1.6,4.7,6.3,2.6,0.3,0.4,2.5,1.8,12.4,,kuminjo01
146,Duncan Robinson,31,DET,SF,22,22,31.8,4.1,9.4,.437,3.0,7.5,.402,1.1,1.9,.571,.597,1.2,1.6,.771,0.4,2.6,3.0,2.0,1.0,0.3,0.7,2.5,12.4,,robindu01
147,Dennis Schröder,32,SAC,PG,18,12,29.2,4.6,11.5,.396,1.5,4.5,.333,3.1,7.0,.437,.461,1.8,2.3,.780,0.4,3.2,3.7,6.0,0.8,0.2,1.9,1.8,12.4,,schrode01
148,John Collins,28,LAC,PF,24,15,27.1,4.8,9.5,.498,0.9,3.0,.310,3.8,6.6,.582,.546,1.8,2.3,.796,1.3,3.5,4.8,0.7,0.8,0.6,1.5,2.3,12.2,,collijo01
149,Tim Hardaway Jr.,33,DEN,SG,23,1,24.9,4.1,8.9,.461,2.5,5.8,.425,1.6,3.0,.529,.600,1.6,1.8,.878,0.2,1.7,2.0,1.5,0.5,0.1,0.3,1.1,12.2,,hardati02
150,Isaiah Hartenstein,27,OKC,C,19,19,27.8,5.3,7.8,.671,0.0,0.2,.000,5.3,7.6,.690,.671,1.7,2.6,.640,3.3,7.4,10.7,3.4,1.3,0.8,2.1,2.8,12.2,,harteis01
151,Jaylen Wells,22,MEM,SG,24,24,26.5,4.2,9.4,.442,1.8,5.0,.367,2.3,4.4,.528,.540,2.0,2.6,.762,1.0,2.4,3.5,1.7,0.7,0.0,0.7,2.1,12.2,,wellsja01
152,Josh Hart,30,NYK,SF,22,8,29.3,4.5,8.9,.500,1.5,3.9,.384,3.0,5.0,.591,.584,1.6,2.0,.818,1.8,6.1,7.9,5.0,1.3,0.3,2.0,2.5,12.0,,hartjo01
153,Kevin Huerter,27,CHI,SF,19,8,24.1,4.5,9.6,.473,1.4,4.7,.300,3.1,4.8,.641,.547,1.5,1.7,.848,0.5,2.8,3.3,2.4,0.8,0.7,1.3,2.2,11.9,,huertke01
154,Max Christie,22,DAL,SG,25,21,28.9,4.0,8.3,.488,2.5,5.3,.466,1.6,3.0,.527,.638,1.3,1.6,.821,0.1,3.1,3.2,1.9,0.4,0.4,1.2,1.6,11.8,,chrisma02
155,Quenton Jackson,27,IND,PG,5,3,20.2,4.0,7.4,.541,1.2,2.4,.500,2.8,5.0,.560,.622,2.6,3.6,.722,1.0,2.4,3.4,3.6,1.0,0.2,1.2,2.0,11.8,,jacksqu01
156,Ausar Thompson,23,DET,SF,20,19,28.0,4.9,9.5,.519,0.3,0.8,.313,4.7,8.7,.538,.532,1.8,3.2,.547,2.0,4.0,6.0,3.1,1.5,0.7,1.4,2.8,11.8,,thompau01
157,Moses Moody,23,GSW,SG,23,13,24.9,3.7,9.0,.406,2.4,6.2,.392,1.2,2.8,.438,.541,1.9,2.3,.846,0.8,2.4,3.2,1.4,0.9,0.7,1.2,1.9,11.7,,moodymo01
158,Wendell Carter Jr.,26,ORL,C,23,23,29.6,3.9,7.6,.511,1.1,2.8,.400,2.7,4.7,.578,.586,2.7,3.4,.785,2.7,4.8,7.6,2.0,0.6,0.7,1.7,3.8,11.6,,cartewe01
159,Miles McBride,25,NYK,SG,20,9,27.0,4.0,9.1,.436,2.8,6.2,.444,1.2,2.9,.421,.588,1.0,1.2,.792,0.7,1.9,2.6,2.5,0.7,0.3,0.8,1.8,11.6,,mcbrimi01
160,Kel'el Ware,21,MIA,C,24,16,24.6,4.5,8.4,.535,1.0,2.4,.421,3.5,6.0,.579,.594,1.6,2.0,.809,3.2,7.1,10.3,0.6,1.0,1.3,1.1,1.9,11.6,,wareke01
161,Tari Eason,24,HOU,PF,11,1,23.2,4.3,8.6,.495,2.5,4.8,.509,1.8,3.8,.476,.637,0.5,0.6,.714,1.5,3.7,5.2,1.6,0.8,0.5,1.7,1.6,11.5,,easonta01
162,Tre Johnson,19,WAS,SG,15,4,24.3,4.3,9.7,.445,2.0,5.1,.395,2.3,4.7,.500,.548,0.9,1.1,.813,0.5,2.5,3.0,1.3,0.4,0.5,1.6,1.9,11.5,,johnstr03
163,Christian Braun,24,DEN,SG,11,11,29.5,4.4,8.8,.495,0.5,2.5,.214,3.8,6.3,.609,.526,2.1,2.6,.793,1.6,2.7,4.4,3.0,0.8,0.3,1.3,2.2,11.4,,braunch01
164,Bobby Portis,30,MIL,PF,25,2,21.7,4.6,9.8,.467,1.7,3.8,.447,2.9,6.0,.480,.553,0.6,0.9,.609,1.1,4.5,5.6,1.4,0.4,0.1,1.1,1.6,11.4,,portibo01
165,A.J. Green,26,MIL,SG,24,24,29.0,3.6,7.3,.489,3.3,6.8,.485,0.3,0.5,.538,.713,0.8,1.0,.792,0.0,2.8,2.8,2.1,0.5,0.1,0.8,2.8,11.3,,greenaj01
166,Julian Champagnie,24,SAS,SF,23,17,28.8,3.5,8.4,.420,2.3,6.2,.378,1.2,2.2,.540,.560,1.8,2.1,.837,0.9,4.5,5.3,1.4,1.0,0.4,1.0,1.4,11.2,,champju02
167,D'Angelo Russell,29,DAL,PG,21,3,20.3,4.0,9.8,.403,1.4,4.8,.287,2.6,5.0,.514,.473,2.0,2.8,.707,0.4,2.2,2.6,4.3,0.4,0.1,2.1,1.4,11.2,,russeda01
168,Rudy Gobert,33,MIN,C,24,24,31.3,4.5,6.2,.736,0.0,0.0,,4.5,6.2,.736,.736,2.0,3.8,.538,3.5,6.5,10.1,1.9,0.4,1.5,1.5,3.0,11.1,,goberru01
169,Cameron Johnson,29,DEN,SF,22,22,30.0,3.9,8.5,.452,1.8,4.5,.394,2.1,4.0,.517,.556,1.6,2.0,.800,0.8,2.6,3.4,2.3,0.7,0.3,1.1,2.3,11.1,,johnsca02
170,Zaccharie Risacher,20,ATL,SF,22,22,24.7,4.4,9.7,.453,1.3,4.5,.296,3.1,5.3,.586,.521,1.0,1.4,.677,0.7,2.1,2.8,1.5,1.0,0.6,0.8,2.0,11.1,,risacza01
171,Cam Spencer,25,MEM,SG,24,1,21.2,3.6,7.5,.486,2.2,4.8,.465,1.4,2.7,.523,.634,1.6,1.8,.907,0.3,1.9,2.1,3.9,0.8,0.1,1.3,1.5,11.1,,spencca01
172,Klay Thompson,35,DAL,SF,23,8,21.8,3.9,10.6,.366,2.7,7.7,.354,1.1,2.8,.400,.496,0.5,0.7,.800,0.3,2.3,2.6,1.3,0.3,0.3,0.8,1.1,11.0,,thompkl01
173,Jock Landale,30,MEM,C,24,13,21.4,4.3,8.0,.531,1.0,2.4,.431,3.2,5.6,.575,.596,1.4,2.0,.673,2.4,3.0,5.4,1.5,0.5,0.4,1.1,2.7,10.9,,landajo01
174,Royce O'Neale,32,PHO,SF,24,20,29.9,3.8,8.8,.427,3.0,7.3,.414,0.8,1.5,.486,.597,0.3,0.4,.700,0.9,4.5,5.4,3.0,1.3,0.3,1.4,2.4,10.8,,onealro01
175,Brandon Williams,26,DAL,PG,23,9,21.6,3.7,9.6,.391,0.6,3.0,.191,3.2,6.6,.480,.420,2.8,3.5,.800,0.6,1.8,2.4,4.1,1.4,0.2,1.8,1.7,10.8,,willibr03
176,Dyson Daniels,22,ATL,SG,25,25,34.0,4.8,10.1,.472,0.2,1.6,.146,4.5,8.4,.536,.484,1.0,1.5,.632,2.2,4.0,6.2,5.8,2.2,0.3,2.3,2.5,10.7,,daniedy01
177,Derrick Jones Jr.,28,LAC,SF,13,13,24.9,3.8,7.1,.533,1.2,3.5,.348,2.5,3.5,.717,.620,1.7,2.2,.786,0.8,1.5,2.4,1.1,0.8,1.2,0.8,2.0,10.5,,jonesde02
178,Khris Middleton,34,WAS,SF,16,16,25.8,4.2,8.5,.493,0.9,2.5,.350,3.3,6.0,.552,.544,1.2,1.6,.731,1.2,3.0,4.2,3.5,0.7,0.4,1.8,3.0,10.4,,middlkh01
179,Ace Bailey,19,UTA,SF,23,14,23.2,4.0,9.0,.447,1.5,4.2,.365,2.5,4.8,.518,.532,0.7,1.0,.773,1.4,1.9,3.3,1.7,0.8,0.3,1.4,2.5,10.3,,baileac01
180,Simone Fontecchio,30,MIA,SF,23,0,19.1,3.3,8.0,.421,2.2,5.7,.379,1.2,2.2,.529,.557,1.4,1.7,.821,0.5,2.6,3.0,1.6,0.5,0.2,1.0,1.8,10.3,,fontesi01
181,Peyton Watson,23,DEN,SF,23,13,27.2,3.9,7.9,.492,1.0,2.8,.375,2.8,5.1,.556,.558,1.5,2.1,.729,1.2,4.0,5.1,1.7,0.9,1.2,1.3,2.2,10.3,,watsope01
182,Jakob Poeltl,30,TOR,C,18,18,26.1,4.3,6.3,.690,0.0,0.0,,4.3,6.3,.690,.690,1.6,2.6,.596,2.8,5.1,7.9,2.2,0.8,0.6,1.4,3.4,10.2,,poeltja01
183,Vit Krejci,25,ATL,PG,21,1,23.6,3.5,7.0,.503,2.6,5.6,.458,1.0,1.4,.690,.687,0.5,0.8,.688,0.4,1.9,2.3,1.8,0.8,0.3,0.9,2.2,10.1,,krejcvi01
184,Neemias Queta,26,BOS,C,22,22,24.2,4.5,6.8,.658,0.0,0.1,.000,4.5,6.6,.671,.658,1.2,2.0,.628,3.2,5.0,8.2,1.7,0.7,1.4,0.8,3.1,10.1,,quetane01
185,Donovan Clingan,21,POR,C,21,21,25.2,3.9,8.0,.482,0.7,2.8,.241,3.2,5.2,.609,.524,1.6,2.0,.810,4.6,5.6,10.2,1.7,0.6,1.4,0.8,2.5,10.0,,clingdo01
186,Tristan Da Silva,24,ORL,SF,24,10,23.4,3.8,8.3,.450,1.7,4.5,.374,2.1,3.9,.538,.550,0.9,1.1,.808,0.9,3.0,3.9,1.2,0.9,0.3,0.9,1.2,10.0,,dasiltr01
187,A.J. Lawson,25,TOR,SG,1,0,13.0,4.0,8.0,.500,2.0,3.0,.667,2.0,5.0,.400,.625,0.0,0.0,,1.0,4.0,5.0,0.0,0.0,0.0,0.0,5.0,10.0,,lawsoaj01
188,Sandro Mamukelashvili,26,TOR,C,24,2,19.7,3.7,7.1,.520,1.0,2.7,.385,2.7,4.4,.604,.594,1.6,2.0,.776,1.4,3.0,4.4,1.8,0.5,0.6,0.8,1.6,10.0,,mamuksa01
189,Jalen Smith,25,CHI,C,18,0,17.1,3.7,7.7,.486,1.6,4.3,.377,2.1,3.4,.623,.591,0.9,1.3,.739,1.8,4.0,5.8,1.2,0.3,0.7,1.0,2.0,10.0,,smithja04
190,Isaiah Stewart,24,DET,C,21,7,22.5,3.8,7.0,.534,1.0,2.4,.412,2.8,4.6,.598,.605,1.5,2.1,.727,1.8,4.2,6.0,1.1,0.2,2.0,1.2,3.2,10.0,,stewais01
191,Herbert Jones,27,NOP,SF,17,17,30.0,3.6,8.9,.404,1.5,4.2,.347,2.1,4.6,.456,.487,1.3,1.6,.786,1.0,2.9,3.9,2.4,1.6,0.3,1.5,3.6,9.9,,joneshe01
192,Jordan Clarkson,33,NYK,SG,23,0,19.8,3.7,8.6,.426,1.2,4.2,.292,2.4,4.4,.554,.497,1.3,1.6,.833,0.9,1.1,2.0,1.7,0.4,0.2,1.2,2.1,9.8,,clarkjo01
193,Jarace Walker,22,IND,PF,24,12,26.0,3.2,9.1,.349,1.5,4.7,.313,1.7,4.4,.387,.429,2.0,2.5,.817,0.6,4.3,4.9,2.2,0.6,0.4,2.0,1.8,9.8,,walkeja02
194,Davion Mitchell,27,MIA,PG,23,23,30.0,3.9,7.7,.511,1.0,2.6,.390,2.9,5.1,.573,.577,0.9,1.5,.618,0.4,2.3,2.7,7.8,1.3,0.0,1.4,3.0,9.7,,mitchda01
195,Kyle Filipowski,22,UTA,C,22,7,22.6,3.5,7.3,.472,1.0,2.9,.333,2.5,4.5,.561,.537,1.8,2.5,.722,1.8,4.6,6.4,2.5,0.6,0.5,1.2,2.9,9.6,,filipky01
196,Gary Trent Jr.,27,MIL,SG,25,14,27.8,3.3,8.4,.392,2.2,5.9,.365,1.1,2.4,.459,.522,0.9,1.2,.793,0.1,1.2,1.3,1.8,0.8,0.1,0.8,1.7,9.6,,trentga02
197,Ziaire Williams,24,BRK,SF,20,2,23.0,3.1,7.9,.395,1.7,5.7,.301,1.4,2.2,.636,.503,1.7,2.1,.829,0.8,1.9,2.7,0.7,0.8,0.5,1.1,2.2,9.6,,willizi02
198,Caris LeVert,31,DET,SG,18,0,20.4,3.2,6.9,.464,1.4,3.4,.419,1.8,3.5,.508,.568,1.4,2.4,.605,0.3,1.4,1.7,2.8,0.6,0.5,1.4,1.3,9.3,,leverca01
199,Landry Shamet,28,NYK,SG,15,6,20.9,2.8,6.2,.452,1.9,4.4,.424,0.9,1.8,.519,.602,1.8,2.3,.794,0.5,1.5,2.0,1.2,0.4,0.2,0.5,1.3,9.3,,shamela01
200,Marcus Smart,31,LAL,SG,14,9,26.8,3.0,7.4,.408,1.1,4.5,.254,1.9,2.9,.650,.485,2.1,2.3,.938,0.6,1.6,2.3,2.9,1.8,0.3,1.9,2.9,9.3,,smartma01
201,Bogdan Bogdanović,33,LAC,SG,10,2,25.4,3.2,8.2,.390,1.7,5.1,.333,1.5,3.1,.484,.494,1.1,1.3,.846,0.3,2.9,3.2,3.2,0.7,0.1,1.3,2.7,9.2,,bogdabo01
202,Tre Mann,24,CHO,PG,18,1,20.6,3.5,9.7,.362,1.5,4.9,.303,2.0,4.7,.424,.440,0.7,0.7,.923,0.7,2.1,2.8,2.7,0.6,0.1,1.9,2.1,9.2,,manntr01
203,Cam Whitmore,21,WAS,SF,21,0,16.9,3.7,8.0,.456,0.8,2.7,.286,2.9,5.4,.540,.503,1.1,1.5,.742,0.9,1.9,2.8,0.7,0.7,0.4,0.9,1.2,9.2,,whitmca01
204,Jose Alvarado,27,NOP,PG,24,0,22.5,3.3,7.5,.447,1.8,4.8,.386,1.5,2.7,.554,.570,0.6,0.8,.833,0.4,2.4,2.8,3.0,1.1,0.1,1.3,2.1,9.1,,alvarjo01
205,Aaron Holiday,29,HOU,PG,16,0,17.1,2.9,6.3,.455,1.8,4.2,.433,1.1,2.1,.500,.599,1.5,1.7,.889,0.1,0.9,1.0,1.2,0.5,0.2,0.9,1.3,9.1,,holidaa01
206,T.J. McConnell,33,IND,PG,14,0,16.6,4.4,8.6,.508,0.4,1.1,.313,4.0,7.4,.538,.529,0.1,0.1,1.000,0.1,2.3,2.4,4.3,1.1,0.2,0.8,1.3,9.1,,mccontj01
207,Ryan Kalkbrenner,24,CHO,C,22,21,25.5,3.8,4.7,.798,0.0,0.0,.000,3.8,4.7,.806,.798,1.4,1.9,.756,2.8,3.9,6.7,0.5,0.7,1.9,1.2,1.9,9.0,,kalkbry01
208,Pelle Larsson,24,MIA,SG,23,16,22.4,3.0,6.9,.443,1.1,3.2,.338,2.0,3.7,.536,.522,1.8,2.3,.778,0.4,2.1,2.5,3.3,0.6,0.2,1.0,2.0,9.0,,larsspe01
209,Svi Mykhailiuk,28,UTA,SF,23,23,26.0,3.4,7.2,.476,1.8,4.9,.372,1.6,2.3,.698,.602,0.3,0.3,.875,0.7,2.0,2.7,2.1,0.5,0.1,0.9,1.4,9.0,,mykhasv01
210,Daniel Gafford,27,DAL,C,15,12,22.9,3.3,5.5,.610,0.0,0.0,,3.3,5.5,.610,.610,2.3,2.9,.791,2.3,4.1,6.4,1.3,0.9,1.4,1.4,2.7,8.9,,gaffoda01
211,Corey Kispert,26,WAS,SF,17,2,19.9,3.1,6.1,.505,1.6,3.9,.403,1.5,2.1,.694,.636,1.2,1.7,.724,0.4,2.1,2.5,1.7,0.5,0.2,0.6,1.1,8.9,,kispeco01
212,Jake LaRavia,24,LAL,PF,23,7,25.2,3.3,7.0,.463,1.0,3.0,.333,2.3,4.0,.559,.534,1.3,2.0,.689,1.1,2.7,3.8,1.8,1.2,0.3,1.1,2.2,8.9,,laravja01
213,Ryan Nembhard,22,DAL,PG,12,6,18.5,3.8,6.7,.563,1.3,2.3,.536,2.5,4.3,.577,.656,0.2,0.3,.667,0.3,1.3,1.6,4.8,0.3,0.0,1.2,1.6,8.9,,nembhry01
214,Trendon Watford,25,PHI,PF,14,4,20.4,3.4,6.3,.534,0.5,1.3,.389,2.9,5.0,.571,.574,1.7,2.1,.800,1.1,3.6,4.7,3.6,0.4,0.2,1.5,2.7,8.9,,watfotr01
215,Bilal Coulibaly,21,WAS,SG,12,12,27.2,2.8,7.6,.374,0.9,3.4,.268,1.9,4.2,.460,.434,2.3,2.9,.771,0.5,3.5,4.0,3.0,1.3,1.0,1.8,2.7,8.8,,coulibi01
216,Moussa Diabaté,24,CHO,C,23,2,22.4,3.3,5.1,.636,0.0,0.0,,3.3,5.1,.636,.636,2.2,3.1,.704,3.7,4.1,7.8,1.2,0.7,1.0,0.8,2.5,8.7,,diabamo01
217,Brice Sensabaugh,22,UTA,SF,22,0,15.6,2.9,7.1,.408,1.5,4.5,.337,1.4,2.7,.525,.513,1.3,1.5,.848,0.6,1.8,2.5,1.1,0.7,0.2,0.9,1.9,8.6,,sensabr01
218,Marvin Bagley III,26,WAS,PF,18,5,17.8,3.5,5.8,.606,0.2,0.5,.444,3.3,5.3,.621,.625,1.3,1.8,.697,2.2,2.6,4.8,1.3,0.6,0.8,0.9,2.2,8.5,,baglema01
219,Jordan Goodwin,27,PHO,PG,21,2,20.5,3.4,7.8,.433,1.3,3.6,.355,2.1,4.2,.500,.515,0.4,0.6,.750,1.8,2.4,4.2,2.0,1.4,0.1,1.1,1.6,8.5,,goodwjo01
220,Terance Mann,29,BRK,SG,21,21,26.3,3.1,7.0,.442,1.0,2.8,.339,2.1,4.2,.511,.510,1.3,1.6,.824,1.5,1.9,3.4,3.5,0.7,0.1,1.0,2.6,8.5,,mannte01
221,Jordan Miller,26,LAC,SF,4,0,13.5,2.3,4.8,.474,1.3,2.5,.500,1.0,2.3,.444,.605,2.8,3.0,.917,0.8,1.5,2.3,0.8,0.5,0.0,0.8,0.8,8.5,,millejo02
222,Tolu Smith,25,DET,PF,2,0,11.0,3.0,4.0,.750,0.0,0.0,,3.0,4.0,.750,.750,2.5,3.5,.714,2.0,3.5,5.5,1.0,0.5,0.5,0.5,1.0,8.5,,smithto05
223,Cason Wallace,22,OKC,SG,23,23,28.1,3.2,7.4,.435,1.6,4.1,.379,1.7,3.3,.507,.541,0.4,0.6,.769,0.7,2.3,3.0,2.5,2.3,0.3,1.1,2.1,8.4,,wallaca01
224,Egor Dёmin,19,BRK,PG,21,14,23.0,3.0,7.8,.380,1.9,5.3,.351,1.1,2.5,.442,.500,0.6,0.7,.857,0.6,2.7,3.3,3.7,0.8,0.3,1.7,2.0,8.3,,demineg01
225,Daniss Jenkins,24,DET,PG,19,6,17.9,3.2,7.1,.444,0.8,2.5,.340,2.3,4.6,.500,.504,1.2,1.6,.733,0.6,1.3,1.9,3.5,1.0,0.1,1.4,1.3,8.3,,jenkida01
226,Bradley Beal,32,LAC,SG,6,6,20.2,3.0,8.0,.375,1.2,3.2,.368,1.8,4.8,.379,.448,1.0,1.3,.750,0.3,0.5,0.8,1.7,0.5,0.0,1.5,2.3,8.2,,bealbr01
227,Jusuf Nurkić,31,UTA,C,22,17,24.1,3.3,7.4,.451,0.3,1.5,.219,3.0,5.9,.508,.472,1.2,2.4,.519,2.3,6.9,9.2,3.7,1.5,0.4,2.5,3.1,8.2,,nurkiju01
228,Isaac Okoro,25,CHI,SG,15,15,24.9,3.0,6.5,.459,1.2,3.1,.383,1.8,3.4,.529,.551,1.0,1.3,.750,1.1,1.5,2.7,1.6,0.4,0.7,1.0,3.1,8.2,,okorois01
229,Jonas Valančiūnas,33,DEN,C,23,0,12.5,3.3,5.8,.567,0.1,0.4,.222,3.2,5.4,.592,.575,1.5,1.9,.773,1.3,3.3,4.6,1.2,0.2,0.6,1.0,1.8,8.2,,valanjo01
230,Maxime Raynaud,22,SAC,C,16,2,16.8,3.3,6.2,.525,0.3,0.8,.308,3.0,5.4,.558,.545,1.4,1.7,.815,1.1,3.3,4.4,1.0,0.3,0.5,0.8,2.0,8.1,,raynama01
231,Luguentz Dort,26,OKC,SF,15,15,29.1,2.8,7.3,.382,1.6,5.1,.312,1.2,2.2,.545,.491,0.8,0.9,.923,1.2,2.7,3.9,1.1,1.0,0.4,0.7,3.1,8.0,,dortlu01
232,Draymond Green,35,GSW,PF,20,20,28.2,2.9,7.6,.382,1.6,4.7,.333,1.4,3.0,.458,.484,0.7,1.1,.619,0.8,5.3,6.1,5.5,0.8,0.9,3.0,3.6,8.0,,greendr01
233,Buddy Hield,33,GSW,SG,25,2,18.8,3.0,7.3,.404,1.4,4.7,.305,1.5,2.6,.585,.503,0.7,0.7,.944,0.7,1.9,2.6,1.6,0.9,0.1,1.0,1.4,8.0,,hieldbu01
234,Ron Holland,20,DET,SF,24,5,21.0,3.0,7.4,.401,0.8,2.8,.265,2.2,4.5,.486,.452,1.3,1.7,.780,0.8,2.5,3.3,1.6,1.7,0.3,1.4,2.4,8.0,,hollaro01
235,Caleb Love,24,POR,SG,16,0,18.0,2.9,9.0,.326,1.4,5.5,.261,1.5,3.5,.429,.406,0.7,0.9,.786,0.6,2.1,2.8,1.9,0.4,0.0,0.8,1.3,8.0,,loveca01
236,Tyrese Martin,26,BRK,SG,22,6,21.2,3.0,7.8,.384,1.3,4.5,.296,1.7,3.4,.500,.468,0.7,1.0,.727,1.0,2.3,3.4,2.5,0.7,0.1,1.1,1.0,8.0,,martity01
237,Will Richard,23,GSW,SG,23,12,19.1,2.8,5.3,.533,1.3,3.2,.397,1.6,2.1,.735,.652,1.0,1.3,.774,1.0,1.7,2.7,1.1,1.0,0.0,0.7,2.0,8.0,,richawi02
238,Dominick Barlow,22,PHI,PF,14,11,26.3,3.0,6.1,.494,0.4,1.7,.250,2.6,4.4,.590,.529,1.4,1.7,.833,2.1,3.4,5.6,2.0,0.8,1.1,1.2,2.3,7.9,,barlodo01
239,Danny Wolf,21,BRK,PF,9,0,15.7,2.6,5.8,.442,1.3,3.0,.444,1.2,2.8,.440,.558,1.4,1.6,.929,0.8,3.1,3.9,1.8,0.1,0.2,1.4,1.2,7.9,,wolfda01
240,Isaiah Jackson,24,IND,C,24,14,18.9,3.0,5.0,.605,0.0,0.0,,3.0,5.0,.605,.605,1.8,2.3,.778,2.3,3.3,5.6,0.8,0.9,0.8,1.2,3.1,7.8,,jacksis01
241,Bryce McGowens,23,NOP,SG,15,5,17.4,2.6,5.3,.494,0.7,1.5,.435,1.9,3.7,.518,.557,1.9,2.5,.763,0.2,1.6,1.8,1.5,0.4,0.3,0.3,1.5,7.8,,mcgowbr01
242,Nick Smith Jr.,21,LAL,SG,9,0,14.8,2.9,6.2,.464,1.6,3.2,.483,1.3,3.0,.444,.589,0.4,0.7,.667,0.1,1.0,1.1,1.6,0.8,0.2,1.2,0.6,7.8,,smithni01
243,Vince Williams Jr.,25,MEM,PG,19,11,22.2,2.7,7.8,.349,1.2,4.4,.277,1.5,3.5,.439,.426,1.2,1.5,.786,0.8,3.6,4.4,5.3,0.9,0.6,2.3,2.1,7.8,,willivi01
244,Andre Drummond,32,PHI,C,22,11,21.7,3.1,5.7,.544,0.5,1.3,.379,2.6,4.4,.594,.588,1.0,1.6,.629,3.3,6.0,9.4,0.8,0.7,0.9,0.9,2.2,7.7,,drumman01
245,Kris Dunn,31,LAC,PG,24,18,26.3,3.0,6.2,.483,0.8,2.4,.345,2.2,3.8,.571,.550,0.8,1.1,.741,0.9,1.9,2.8,2.7,1.7,0.2,1.2,2.3,7.7,,dunnkr01
246,Ryan Dunn,23,PHO,SF,19,11,23.6,3.1,6.8,.457,0.8,2.7,.314,2.3,4.1,.551,.519,0.6,0.9,.667,1.9,3.2,5.1,1.8,1.4,0.6,0.8,2.6,7.7,,dunnry01
247,Jay Huff,27,IND,C,24,8,18.8,2.7,6.2,.430,1.3,4.2,.317,1.3,2.0,.667,.537,1.0,1.3,.781,1.2,2.5,3.7,1.3,0.3,2.5,0.7,2.2,7.7,,huffja01
248,Precious Achiuwa,26,SAC,C,17,6,20.5,3.3,6.1,.544,0.2,0.9,.200,3.1,5.2,.602,.558,0.9,1.9,.455,1.9,3.5,5.4,1.0,0.8,0.5,0.5,1.6,7.6,,achiupr01
249,Kentavious Caldwell-Pope,32,MEM,SG,24,13,21.9,2.5,6.5,.382,1.2,3.4,.346,1.3,3.2,.421,.471,1.5,1.6,.921,0.4,1.9,2.3,3.1,0.7,0.2,1.3,1.0,7.6,,caldwke01
250,Jaden Ivey,23,DET,SG,9,0,13.9,2.4,5.7,.431,1.1,2.7,.417,1.3,3.0,.444,.529,1.6,1.8,.875,0.7,2.0,2.7,1.1,0.2,0.1,1.1,1.2,7.6,,iveyja01
251,Nikola Jović,22,MIA,PF,18,1,19.3,2.6,6.6,.390,0.9,3.3,.283,1.6,3.2,.500,.462,1.6,2.2,.718,0.6,3.1,3.7,2.8,0.6,0.4,1.9,2.2,7.6,,jovicni01
252,Luke Kennard,29,ATL,SG,22,0,20.7,2.6,5.5,.479,1.5,3.3,.438,1.2,2.2,.542,.612,0.9,1.0,.952,0.5,1.5,2.0,2.3,0.9,0.0,1.0,1.3,7.6,,kennalu01
253,Kyle Anderson,32,UTA,SF,8,0,18.3,3.0,5.6,.533,0.1,0.1,1.000,2.9,5.5,.523,.544,1.4,1.9,.733,0.9,1.9,2.8,3.3,1.5,0.4,0.9,2.4,7.5,,anderky01
254,Luke Kornet,30,SAS,C,15,10,25.0,2.9,4.6,.638,0.0,0.0,,2.9,4.6,.638,.638,1.7,2.1,.781,2.9,3.3,6.2,2.3,0.3,1.5,0.7,2.1,7.5,,kornelu01
255,Jared McCain,21,PHI,SG,14,0,18.0,2.9,7.5,.381,1.4,4.0,.357,1.4,3.5,.408,.476,0.4,0.4,.833,0.1,1.8,1.9,1.7,0.8,0.0,0.9,1.4,7.5,,mccaija01
256,Jamaree Bouyea,26,PHO,PG,8,0,13.4,2.9,4.5,.639,1.3,2.0,.625,1.6,2.5,.650,.778,0.4,0.5,.750,0.4,0.8,1.1,1.4,0.6,0.3,0.1,1.0,7.4,,bouyeja01
257,Isaiah Collier,21,UTA,PG,15,1,20.4,2.4,4.7,.514,0.3,0.9,.385,2.1,3.8,.544,.550,2.3,3.1,.723,0.2,1.7,1.9,5.1,0.5,0.3,2.1,1.7,7.4,,colliis01
258,Quinten Post,25,GSW,PF,25,11,17.5,2.8,6.1,.451,1.4,4.0,.350,1.4,2.1,.642,.565,0.4,0.6,.786,0.9,3.1,4.0,1.3,0.6,0.6,0.8,1.8,7.4,,postqu01
259,Pat Spencer,29,GSW,PG,17,2,15.8,2.8,6.1,.466,0.7,1.6,.444,2.1,4.5,.474,.524,1.1,1.2,.900,0.8,1.6,2.4,3.2,0.7,0.1,0.9,1.4,7.4,,spencpa01
260,Josh Minott,23,BOS,PF,23,9,19.1,2.7,5.2,.513,1.3,2.8,.446,1.4,2.3,.593,.634,0.7,1.0,.773,1.6,3.0,4.7,1.3,0.7,0.5,0.7,1.7,7.3,,minotjo01
261,Sam Hauser,28,BOS,PF,24,4,22.3,2.5,6.7,.366,2.1,5.8,.364,0.3,0.9,.381,.525,0.1,0.2,.750,0.7,2.7,3.4,1.4,0.7,0.3,0.5,1.3,7.2,,hausesa01
262,Nae'Qwan Tomlin,25,CLE,PF,16,2,17.0,2.8,5.8,.489,0.4,2.0,.188,2.4,3.8,.650,.522,1.2,1.6,.731,1.8,1.7,3.4,0.6,0.9,0.8,0.4,2.2,7.2,,tomlina01
263,Patrick Williams,24,CHI,PF,22,1,20.9,2.5,6.7,.367,1.5,3.6,.405,1.0,3.1,.324,.476,0.8,1.2,.667,0.8,2.5,3.3,1.3,1.0,0.3,1.0,1.8,7.2,,willipa01
264,Jordan Walsh,21,BOS,PF,20,12,21.0,2.7,4.7,.581,0.8,1.8,.457,1.9,2.9,.655,.667,0.9,1.1,.810,1.7,3.2,4.8,1.1,1.2,0.6,0.6,2.9,7.1,,walshjo01
265,Cole Anthony,25,MIL,PG,23,0,15.7,3.0,7.0,.426,0.6,2.1,.271,2.4,5.0,.491,.466,0.5,0.9,.550,0.4,2.2,2.7,4.0,0.7,0.3,1.9,2.1,7.0,,anthoco01
266,Bub Carrington,20,WAS,PG,22,6,25.7,2.4,6.8,.349,1.5,3.5,.429,0.9,3.3,.264,.460,0.7,1.0,.762,0.4,3.0,3.4,4.2,0.5,0.1,2.2,2.4,7.0,,carrica01
267,Seth Curry,35,GSW,SG,2,0,16.0,3.0,4.5,.667,1.0,2.0,.500,2.0,2.5,.800,.778,0.0,0.0,,0.5,1.5,2.0,1.5,1.0,0.0,0.0,1.5,7.0,,curryse01
268,Collin Murray-Boyles,20,TOR,PF,20,4,17.5,2.7,4.9,.557,0.6,1.3,.480,2.1,3.6,.583,.619,1.0,1.5,.667,1.7,1.6,3.2,1.3,0.7,0.3,1.2,2.3,7.0,,murraco01
269,Day'Ron Sharpe,24,BRK,C,22,0,16.2,2.6,4.3,.600,0.2,0.8,.278,2.4,3.5,.675,.626,1.6,2.7,.593,2.0,3.3,5.4,1.8,0.8,0.5,1.8,2.1,7.0,,sharpda01
270,Jevon Carter,30,CHI,PG,14,0,14.3,2.2,5.4,.408,1.7,4.1,.421,0.5,1.4,.368,.566,0.7,0.7,1.000,0.4,1.1,1.4,1.2,0.8,0.0,0.6,1.1,6.9,,carteje01
271,Kobe Sanders,23,LAC,SG,16,3,19.9,2.3,5.4,.414,1.0,2.9,.348,1.3,2.6,.488,.506,1.4,1.5,.917,0.5,1.5,2.0,1.3,0.6,0.1,1.3,2.6,6.9,,sandeko01
272,Walter Clayton,22,UTA,PG,19,0,17.2,2.4,5.5,.433,0.9,2.8,.315,1.5,2.6,.560,.514,1.2,1.3,.958,0.4,1.7,2.2,3.7,0.5,0.2,1.4,1.9,6.8,,claytwa01
273,Bruce Brown,29,DEN,SG,23,0,23.5,2.5,6.0,.423,0.6,1.7,.333,2.0,4.3,.459,.471,1.1,1.4,.781,1.0,2.7,3.6,1.8,0.8,0.3,0.9,2.3,6.7,,brownbr01
274,Paul Reed,26,DET,C,18,2,11.9,2.8,4.4,.646,0.3,0.7,.462,2.5,3.7,.682,.684,0.7,1.1,.600,2.0,2.6,4.6,1.2,0.8,0.7,1.1,1.6,6.7,,reedpa01
275,Steven Adams,32,HOU,C,17,5,21.8,2.4,4.4,.533,0.0,0.0,,2.4,4.4,.533,.533,1.9,2.5,.762,4.8,4.4,9.2,1.5,0.7,0.8,1.1,2.0,6.6,,adamsst01
276,Javonte Green,32,DET,SG,24,3,18.5,2.2,5.2,.427,0.9,2.6,.339,1.3,2.6,.516,.512,1.3,1.7,.775,0.7,2.0,2.7,0.8,1.0,0.4,0.8,1.5,6.6,,greenja02
277,Sion James,23,CHO,SG,24,13,26.1,2.0,5.0,.412,1.2,3.2,.368,0.9,1.8,.488,.529,1.3,1.5,.865,0.5,2.6,3.1,1.5,0.8,0.5,1.0,1.7,6.6,,jamessi01
278,Gradey Dick,22,TOR,SG,25,0,16.1,2.2,5.2,.412,0.9,2.9,.319,1.2,2.4,.525,.500,1.3,1.5,.842,0.4,1.6,2.0,0.7,0.6,0.1,0.4,1.2,6.5,,dickgr01
279,Dalton Knecht,24,LAL,SF,19,1,15.8,2.5,5.3,.465,1.1,3.0,.351,1.4,2.3,.614,.564,0.5,0.8,.667,0.5,1.5,1.9,0.6,0.4,0.4,0.4,1.4,6.5,,knechda01
280,Josh Okogie,27,HOU,SG,21,15,20.9,2.2,4.9,.447,1.0,2.6,.400,1.1,2.3,.500,.553,1.1,1.5,.742,1.3,1.6,2.9,1.0,1.4,0.2,0.9,1.8,6.5,,okogijo01
281,Tidjane Salaün,20,CHO,PF,11,0,14.7,2.1,4.0,.523,1.3,2.5,.500,0.8,1.5,.563,.682,1.0,1.4,.733,0.5,3.3,3.8,0.6,0.5,0.2,0.6,1.5,6.5,,salauti01
282,Ben Sheppard,24,IND,SG,22,11,25.0,2.4,6.7,.354,1.1,4.0,.273,1.3,2.7,.475,.435,0.7,0.9,.789,0.8,3.3,4.1,2.0,0.6,0.1,0.7,2.0,6.5,,sheppbe01
283,Tristan Vukcevic,22,WAS,C,19,1,11.7,2.3,4.7,.478,0.5,1.9,.250,1.8,2.8,.630,.528,1.5,2.0,.763,0.5,1.7,2.3,1.1,0.4,0.5,1.1,1.4,6.5,,vukcetr01
284,Goga Bitadze,26,ORL,C,23,0,16.9,2.5,3.4,.731,0.1,0.3,.286,2.4,3.1,.775,.744,1.3,1.6,.784,1.7,3.4,5.2,1.4,0.7,1.3,0.6,2.1,6.3,,bitadgo01
285,Mac McClung,27,IND,SG,3,0,11.3,2.3,6.0,.389,0.7,3.3,.200,1.7,2.7,.625,.444,1.0,1.3,.750,0.0,1.3,1.3,0.3,1.7,0.3,0.7,2.0,6.3,,mccluma01
286,Drake Powell,20,BRK,SG,16,0,19.2,2.3,4.7,.480,0.8,2.1,.364,1.5,2.6,.571,.560,1.1,1.1,.944,0.3,1.5,1.8,2.1,0.8,0.1,1.1,1.8,6.3,,poweldr01
287,Dru Smith,28,MIA,SG,24,1,17.2,2.2,5.1,.434,0.8,2.2,.358,1.4,2.9,.493,.512,1.1,1.4,.788,0.9,1.7,2.6,2.9,1.4,0.3,1.0,1.6,6.3,,smithdr01
288,Justin Edwards,22,PHI,SF,20,5,17.2,2.2,5.4,.407,1.3,3.5,.362,1.0,2.0,.487,.523,0.5,0.6,.909,0.6,1.3,1.9,1.4,0.7,0.3,0.9,1.9,6.2,,edwarju01
289,Kenrich Williams,31,OKC,PF,6,0,15.8,2.3,4.2,.560,1.0,1.8,.545,1.3,2.3,.571,.680,0.5,1.0,.500,0.5,2.5,3.0,2.2,0.0,0.0,0.7,1.5,6.2,,willike04
290,Luka Garza,27,BOS,C,19,1,13.1,2.1,3.7,.571,0.6,1.3,.440,1.5,2.4,.644,.650,1.3,1.6,.774,2.0,1.5,3.5,0.8,0.3,0.4,0.4,2.6,6.1,,garzalu01
291,Brook Lopez,37,LAC,C,18,0,14.1,2.2,5.5,.394,1.3,3.8,.353,0.8,1.7,.484,.515,0.4,0.6,.727,0.2,1.6,1.8,0.5,0.3,0.8,0.8,1.8,6.1,,lopezbr01
292,Taurean Prince,31,MIL,SF,8,0,21.1,2.1,4.8,.447,1.5,3.5,.429,0.6,1.3,.500,.605,0.4,0.4,1.000,0.0,1.6,1.6,1.0,0.8,0.3,0.6,2.5,6.1,,princta02
293,Jeremy Sochan,22,SAS,PF,17,0,16.3,2.5,5.0,.506,0.4,1.5,.280,2.1,3.5,.600,.547,0.6,0.9,.688,1.3,2.3,3.6,1.4,0.5,0.2,0.9,2.4,6.1,,sochaje01
294,Jaden Hardy,23,DAL,SG,20,0,10.5,1.9,4.8,.400,1.3,3.0,.417,0.7,1.8,.371,.532,0.9,1.1,.818,0.2,1.0,1.2,0.5,0.2,0.1,0.8,1.1,6.0,,hardyja02
295,Doug McDermott,34,SAC,SF,1,0,8.0,2.0,3.0,.667,2.0,3.0,.667,0.0,0.0,,1.000,0.0,0.0,,0.0,0.0,0.0,0.0,0.0,0.0,1.0,1.0,6.0,,mcderdo01
296,Blake Wesley,22,POR,SG,6,0,16.3,2.3,5.7,.412,0.3,1.7,.200,2.0,4.0,.500,.441,1.0,1.7,.600,0.3,2.0,2.3,3.2,1.7,0.2,1.2,2.3,6.0,,weslebl01
297,Mouhamed Gueye,23,ATL,PF,25,3,17.2,2.4,4.9,.496,0.6,2.1,.269,1.9,2.8,.662,.553,0.4,0.7,.500,1.2,2.6,3.8,1.0,0.6,0.6,0.7,1.8,5.8,,gueyemo02
298,Jamal Shead,23,TOR,PG,25,0,19.3,1.8,5.1,.362,0.9,2.6,.333,1.0,2.4,.393,.449,1.3,1.6,.821,0.4,1.4,1.8,5.1,1.2,0.1,1.2,2.0,5.8,,sheadja01
299,KJ Simpson,23,CHO,PG,11,1,15.1,2.1,5.8,.359,0.8,2.5,.333,1.3,3.4,.378,.430,0.8,1.3,.643,0.4,1.8,2.2,2.4,1.0,0.0,1.6,1.0,5.8,,simpskj01
300,Alex Caruso,31,OKC,SG,15,0,18.8,2.0,5.0,.400,1.1,3.2,.354,0.9,1.8,.481,.513,0.5,0.7,.800,0.3,2.1,2.4,2.5,1.6,0.3,1.0,1.1,5.7,,carusal01
301,Yves Missi,21,NOP,C,18,6,19.6,2.5,4.5,.556,0.0,0.0,,2.5,4.5,.556,.556,0.7,1.3,.542,3.2,2.3,5.4,1.3,0.2,1.0,1.1,2.0,5.7,,missiyv01
302,Al Horford,39,GSW,C,13,1,21.5,1.9,6.0,.321,1.3,4.4,.298,0.6,1.6,.381,.429,0.5,0.5,1.000,0.8,3.5,4.4,2.0,1.0,1.0,1.2,1.5,5.6,,horfoal01
303,Tyrese Proctor,21,CLE,PG,18,0,12.4,1.8,5.2,.344,1.1,3.4,.311,0.7,1.8,.406,.446,1.0,1.2,.857,0.2,1.1,1.3,1.4,0.3,0.0,0.4,1.3,5.6,,proctty01
304,Jaylin Williams,23,OKC,PF,23,3,18.5,1.8,5.0,.353,1.3,4.3,.296,0.5,0.8,.667,.478,0.8,1.2,.643,0.5,4.3,4.7,2.4,0.7,0.5,1.1,1.9,5.6,,willija07
305,Robert Williams,28,POR,C,15,1,15.3,2.7,4.0,.667,0.1,0.5,.125,2.6,3.5,.750,.675,0.2,0.5,.429,2.1,3.3,5.5,0.7,0.6,1.7,0.4,1.3,5.6,,williro04
306,Lonzo Ball,28,CLE,PG,18,3,23.6,1.8,6.3,.292,1.4,5.2,.266,0.4,1.1,.421,.403,0.4,0.7,.667,0.9,3.7,4.6,4.9,1.2,0.3,1.8,1.8,5.5,,balllo01
307,Zach Collins,28,CHI,C,2,0,19.5,2.0,6.0,.333,0.5,2.0,.250,1.5,4.0,.375,.375,1.0,1.5,.667,2.5,2.5,5.0,1.0,0.0,0.5,0.0,2.0,5.5,,colliza01
308,Drew Eubanks,28,SAC,C,24,11,14.8,2.3,3.8,.615,0.0,0.1,.500,2.3,3.7,.618,.621,0.8,1.6,.526,0.8,2.1,3.0,0.3,0.5,0.7,0.9,1.4,5.5,,eubandr01
309,Kevin Love,37,UTA,PF,14,0,14.6,1.7,4.1,.414,1.1,3.1,.349,0.6,1.1,.600,.543,1.0,1.3,.778,1.3,3.0,4.3,1.8,0.3,0.4,0.8,1.6,5.5,,loveke01
310,Kris Murray,25,POR,SF,22,2,24.7,2.2,4.9,.449,0.5,2.0,.279,1.6,2.9,.563,.505,0.5,0.8,.667,1.8,2.0,3.8,1.1,1.1,0.3,0.9,2.0,5.5,,murrakr01
311,Jaxson Hayes,25,LAL,C,20,2,17.1,2.2,3.1,.721,0.1,0.1,1.000,2.2,3.0,.717,.730,0.9,1.5,.621,1.3,2.8,4.0,1.0,0.4,0.8,0.5,1.8,5.4,,hayesja02
312,Craig Porter Jr.,25,CLE,PG,22,0,17.2,2.2,4.3,.511,0.6,1.5,.424,1.5,2.8,.557,.585,0.4,0.7,.533,1.4,1.8,3.2,2.3,1.0,0.6,0.7,1.3,5.4,,portecr01
313,Ben Saraf,19,BRK,SG,12,5,16.9,1.8,5.2,.355,0.8,2.8,.273,1.1,2.4,.448,.427,1.0,1.3,.800,0.4,1.2,1.6,2.8,0.7,0.3,1.9,1.3,5.4,,sarafbe01
314,Mike Conley,38,MIN,PG,24,5,19.1,1.5,4.3,.363,1.1,3.0,.366,0.5,1.3,.355,.490,1.1,1.2,.931,0.4,1.5,1.8,3.2,0.6,0.1,0.7,1.8,5.3,,conlemi01
315,Jett Howard,22,ORL,SF,16,0,10.2,1.9,4.4,.437,1.1,2.9,.370,0.9,1.6,.560,.556,0.3,0.3,1.000,0.3,0.9,1.1,0.7,0.1,0.2,0.1,0.7,5.3,,howarje01
316,Dean Wade,29,CLE,PF,23,3,22.2,1.8,4.8,.373,1.0,3.5,.296,0.7,1.3,.586,.482,0.7,1.0,.696,0.9,2.9,3.8,1.6,0.8,0.6,0.3,1.9,5.3,,wadede01
317,Keon Ellis,26,SAC,SG,23,2,16.3,1.8,4.4,.406,1.3,3.2,.392,0.5,1.2,.444,.550,0.4,0.7,.563,0.3,1.0,1.3,0.5,1.1,0.4,0.4,1.7,5.2,,elliske01
318,Jordan Hawkins,23,NOP,SG,21,0,15.0,1.9,5.6,.342,1.0,3.1,.333,0.9,2.4,.353,.436,0.4,0.6,.667,0.4,1.3,1.7,0.9,0.1,0.1,0.5,0.6,5.2,,hawkijo01
319,Ja'Kobe Walter,21,TOR,SG,22,7,16.5,1.8,4.4,.402,1.1,2.8,.387,0.7,1.6,.429,.526,0.5,0.7,.750,0.8,1.3,2.1,0.8,1.0,0.1,0.7,2.0,5.2,,walteja01
320,Taylor Hendricks,22,UTA,PF,13,3,14.5,1.8,4.4,.404,0.7,2.1,.333,1.1,2.3,.467,.482,0.8,1.2,.733,1.4,2.2,3.6,0.5,0.4,0.3,0.5,0.5,5.1,,hendrta01
321,Gabe Vincent,29,LAL,PG,12,6,22.3,1.6,4.5,.352,1.3,3.6,.372,0.3,0.9,.273,.500,0.6,0.6,1.000,0.3,0.7,1.0,1.7,0.5,0.1,0.5,2.6,5.1,,vincega01
322,Matisse Thybulle,28,POR,SG,4,0,12.3,1.5,2.5,.600,1.0,1.5,.667,0.5,1.0,.500,.800,1.0,1.0,1.000,0.0,1.0,1.0,0.8,2.5,0.0,0.3,1.8,5.0,,thybuma01
323,Jalen Wilson,25,BRK,PF,18,0,14.4,1.6,4.4,.354,1.0,3.0,.333,0.6,1.4,.400,.468,0.9,1.2,.762,0.1,0.9,1.0,0.6,0.2,0.0,0.6,1.3,5.0,,wilsoja03
324,Tony Bradley,28,IND,C,21,3,11.8,2.0,3.3,.586,0.0,0.0,.000,2.0,3.3,.594,.586,1.0,1.4,.724,1.6,1.0,2.7,0.6,0.1,0.2,0.4,2.1,4.9,,bradlto01
325,Sidy Cissoko,21,POR,SF,19,10,18.4,1.7,4.3,.402,0.8,2.5,.319,0.9,1.8,.514,.494,0.6,0.9,.667,0.7,1.5,2.2,1.3,0.5,0.2,1.0,2.5,4.9,,cissosi01
326,RayJ Dennis,24,IND,PG,13,0,12.9,1.7,5.5,.306,0.9,2.9,.316,0.8,2.6,.294,.389,0.6,0.7,.889,0.6,1.0,1.6,2.0,0.2,0.3,1.1,1.2,4.9,,dennira01
327,Oso Ighodaro,23,PHO,PF,24,5,17.5,2.3,3.7,.607,0.0,0.0,.000,2.3,3.7,.614,.607,0.4,1.1,.385,0.8,2.8,3.5,1.7,0.8,0.6,1.2,2.5,4.9,,ighodos01
328,Karlo Matković,24,NOP,PF,15,0,11.5,2.2,3.1,.717,0.3,0.7,.500,1.9,2.4,.778,.772,0.2,0.5,.375,0.5,2.2,2.7,0.9,0.1,0.5,0.5,1.4,4.9,,matkoka01
329,Liam McNeeley,20,CHO,SF,18,0,14.1,1.4,3.7,.394,1.0,2.4,.409,0.4,1.2,.364,.530,1.1,1.3,.826,0.4,2.0,2.4,0.9,0.2,0.1,0.6,1.6,4.9,,mcneeli01
330,Micah Peavy,24,NOP,SG,21,1,16.3,2.0,5.2,.394,0.3,1.6,.176,1.8,3.6,.493,.422,0.5,0.7,.714,1.0,1.4,2.4,1.1,0.6,0.1,0.4,1.7,4.9,,peavymi01
331,Jaylen Clark,24,MIN,SG,22,0,14.7,1.6,3.8,.434,0.7,2.0,.349,1.0,1.8,.525,.524,0.8,1.3,.643,1.1,1.2,2.3,0.5,0.8,0.1,0.3,1.7,4.8,,clarkja02
332,Garrison Mathews,29,IND,SG,9,1,13.8,1.2,3.4,.355,1.0,3.1,.321,0.2,0.3,.667,.500,1.3,1.7,.800,0.1,0.8,0.9,0.6,0.3,0.2,0.3,1.0,4.8,,mathega01
333,Ethan Thompson,26,IND,SG,4,1,18.0,1.8,3.0,.583,1.3,2.3,.556,0.5,0.8,.667,.792,0.0,0.0,,0.8,1.0,1.8,1.0,0.8,0.5,0.0,1.8,4.8,,thompet01
334,Trey Alexander,22,NOP,SG,3,0,12.3,2.0,3.0,.667,0.7,1.0,.667,1.3,2.0,.667,.778,0.0,0.0,,0.0,1.3,1.3,1.3,0.3,0.3,0.3,1.3,4.7,,alexatr01
335,Justin Champagnie,24,WAS,SF,20,5,13.1,1.6,3.5,.443,0.3,1.3,.240,1.3,2.3,.556,.486,1.3,1.5,.862,1.6,2.2,3.8,0.9,0.7,0.4,0.4,1.1,4.7,,champju01
336,Kelly Olynyk,34,SAS,C,13,0,11.1,1.5,3.0,.513,0.5,1.5,.350,1.0,1.5,.684,.603,1.1,1.5,.737,0.8,1.7,2.5,1.5,0.5,0.0,0.8,1.7,4.7,,olynyke01
337,Terrence Shannon Jr.,25,MIN,SG,15,0,12.9,1.5,3.6,.407,0.7,1.7,.400,0.8,1.9,.414,.500,1.1,1.4,.762,0.3,1.2,1.5,0.7,0.3,0.0,0.8,1.6,4.7,,shannte01
338,Branden Carlson,26,OKC,C,16,0,9.9,1.9,3.6,.526,0.7,1.8,.379,1.2,1.8,.679,.623,0.2,0.4,.429,0.5,1.7,2.2,0.7,0.1,0.6,0.3,1.0,4.6,,carlsbr01
339,Spencer Jones,24,DEN,SF,19,8,15.9,1.7,2.9,.571,0.7,1.6,.452,0.9,1.3,.720,.696,0.5,0.7,.643,1.2,0.8,2.1,0.7,0.6,0.2,0.6,2.3,4.6,,jonessp01
340,Asa Newell,20,ATL,PF,15,0,8.5,1.7,3.1,.543,0.7,1.5,.500,0.9,1.6,.583,.663,0.5,0.7,.800,0.9,0.7,1.5,0.4,0.4,0.2,0.4,1.1,4.6,,newelas01
341,Jeremiah Robinson-Earl,25,IND,PF,17,3,17.6,1.7,4.9,.349,0.5,1.9,.242,1.2,2.9,.420,.398,0.8,0.8,.929,1.9,3.3,5.2,0.7,0.4,0.1,0.6,1.4,4.6,,robinje02
342,Jabari Walker,23,PHI,PF,22,5,13.7,1.7,3.7,.463,0.5,1.6,.343,1.2,2.1,.553,.537,0.6,0.8,.765,1.2,2.4,3.5,0.6,0.1,0.3,0.5,1.8,4.6,,walkeja01
343,Nique Clifford,23,SAC,SG,20,2,16.2,1.7,4.1,.407,0.6,1.7,.333,1.1,2.4,.458,.475,0.6,0.9,.667,0.6,2.0,2.6,1.5,0.4,0.3,0.8,2.2,4.5,,cliffni01
344,DeAndre Jordan,37,NOP,C,2,1,11.5,2.0,2.5,.800,0.0,0.0,,2.0,2.5,.800,.800,0.5,1.0,.500,2.0,3.0,5.0,0.0,0.0,0.0,0.5,0.5,4.5,,jordade01
345,Nicolas Batum,37,LAC,PF,24,2,19.4,1.4,3.8,.378,1.3,3.5,.376,0.1,0.2,.400,.556,0.3,0.3,.857,0.5,2.3,2.8,0.8,0.9,0.4,0.7,1.9,4.4,,batumni01
346,Cam Christie,20,LAC,SG,16,0,11.5,1.3,3.8,.344,0.6,1.8,.310,0.8,2.0,.375,.418,1.3,1.8,.714,0.5,1.8,2.3,0.6,0.4,0.1,0.4,0.7,4.4,,chrisca02
347,Pat Connaughton,33,CHO,SG,12,0,9.7,1.5,3.1,.486,0.8,2.0,.375,0.8,1.1,.692,.608,0.5,0.8,.667,0.3,1.6,1.9,0.6,0.4,0.1,0.3,0.4,4.3,,connapa01
348,Bones Hyland,25,MIN,PG,15,0,9.0,1.7,3.3,.510,0.8,2.1,.387,0.9,1.2,.722,.633,0.2,0.3,.750,0.1,0.9,1.1,1.4,0.5,0.0,0.8,1.1,4.3,,hylanbo01
349,Trayce Jackson-Davis,25,GSW,C,15,1,12.7,1.7,3.1,.532,0.0,0.0,,1.7,3.1,.532,.532,1.0,1.6,.625,1.5,1.7,3.2,1.1,0.3,0.6,0.5,1.4,4.3,,jackstr02
350,Dereck Lively II,21,DAL,C,7,4,16.4,1.6,2.6,.611,0.0,0.0,,1.6,2.6,.611,.611,1.1,1.4,.800,2.0,3.3,5.3,1.9,0.6,1.6,1.4,3.0,4.3,,livelde01
351,Javon Small,23,MEM,PG,8,0,12.4,1.3,3.5,.357,0.8,2.4,.316,0.5,1.1,.444,.464,1.0,1.3,.800,0.1,0.9,1.0,2.8,0.0,0.1,1.0,0.9,4.3,,smallja01
352,Jarred Vanderbilt,26,LAL,PF,15,2,17.3,1.5,3.4,.431,0.3,1.0,.267,1.2,2.4,.500,.471,1.1,1.3,.842,1.3,3.9,5.2,1.5,0.9,0.3,1.5,1.9,4.3,,vandeja01
353,Keaton Wallace,26,ATL,PG,23,2,14.6,1.6,3.9,.400,1.0,2.5,.404,0.6,1.4,.394,.528,0.2,0.4,.500,0.0,1.5,1.5,2.8,0.7,0.1,0.7,1.4,4.3,,wallake01
354,Eric Gordon,37,PHI,SG,5,0,11.4,1.6,2.6,.615,1.0,1.6,.625,0.6,1.0,.600,.808,0.0,0.0,,0.2,0.2,0.4,0.6,0.6,0.0,0.6,0.4,4.2,,gordoer01
355,Olivier-Maxence Prosper,23,MEM,PF,13,0,9.4,1.2,2.8,.405,0.1,0.7,.111,1.1,2.2,.500,.419,1.7,1.8,.917,0.8,1.6,2.4,0.5,0.2,0.1,0.4,0.6,4.1,,prospol01
356,Gary Payton II,33,GSW,SG,24,1,12.3,1.8,3.8,.478,0.3,1.2,.276,1.5,2.5,.574,.522,0.1,0.1,1.000,0.9,2.2,3.0,1.6,0.6,0.3,0.7,1.5,4.0,,paytoga02
357,James Wiseman,24,IND,C,1,1,20.0,2.0,3.0,.667,0.0,0.0,,2.0,3.0,.667,.667,0.0,0.0,,4.0,0.0,4.0,0.0,0.0,1.0,3.0,2.0,4.0,,wisemja01
358,Jamison Battle,24,TOR,SF,17,1,8.1,1.5,2.2,.676,0.8,1.3,.591,0.7,0.9,.800,.851,0.2,0.3,.800,0.2,1.2,1.4,0.2,0.1,0.1,0.4,0.6,3.9,,battlja01
359,Ousmane Dieng,22,OKC,C,16,0,12.6,1.4,3.4,.418,0.7,1.8,.393,0.8,1.7,.444,.518,0.4,0.4,1.000,0.4,1.3,1.7,0.9,0.1,0.3,0.4,1.1,3.9,,diengou01
360,Keshad Johnson,24,MIA,SF,9,0,11.7,1.3,3.9,.343,0.4,1.7,.267,0.9,2.2,.400,.400,0.8,1.2,.636,1.0,2.1,3.1,0.1,0.3,0.4,0.3,1.1,3.9,,johnske10
361,Will Riley,19,WAS,SF,16,0,10.0,1.6,3.3,.472,0.3,1.1,.294,1.3,2.3,.556,.519,0.5,0.8,.667,0.7,1.1,1.8,0.8,0.3,0.0,0.6,0.6,3.9,,rileywi01
362,Kobe Brown,26,LAC,PF,16,0,12.0,1.3,3.2,.412,0.6,2.1,.273,0.8,1.1,.667,.500,0.6,0.8,.833,0.6,1.6,2.2,1.1,0.4,0.1,0.6,0.6,3.8,,brownko01
363,Clint Capela,31,HOU,C,20,1,11.9,1.7,3.0,.559,0.0,0.0,,1.7,3.0,.559,.559,0.5,0.8,.667,2.7,2.3,4.9,0.5,0.5,0.8,0.5,1.1,3.8,,capelca01
364,Duop Reath,29,POR,C,19,0,8.2,1.4,2.5,.553,1.0,1.8,.543,0.4,0.6,.583,.755,0.1,0.2,.667,0.2,0.7,0.9,0.3,0.2,0.1,0.3,0.8,3.8,,reathdu01
365,Rob Dillingham,21,MIN,PG,21,0,10.1,1.5,4.2,.348,0.3,1.0,.286,1.2,3.2,.368,.382,0.4,0.6,.692,0.2,0.9,1.1,2.0,0.7,0.1,1.0,1.0,3.7,,dilliro01
366,Tyler Kolek,24,NYK,PG,19,0,10.1,1.5,3.3,.444,0.5,1.6,.300,1.0,1.7,.576,.516,0.3,0.4,.625,0.3,0.6,0.9,1.9,0.4,0.1,0.6,1.0,3.7,,kolekty01
367,Nick Richards,28,PHO,C,22,2,9.8,1.4,2.7,.517,0.0,0.0,,1.4,2.7,.517,.517,0.9,1.3,.679,1.3,2.0,3.3,0.3,0.1,0.5,0.9,1.4,3.7,,richani01
368,Mitchell Robinson,27,NYK,C,15,10,17.5,1.7,2.6,.667,0.0,0.0,,1.7,2.6,.667,.667,0.2,1.1,.176,4.6,3.8,8.4,0.9,0.8,0.9,0.7,2.2,3.7,,robinmi01
369,Julian Strawther,23,DEN,SG,9,0,7.9,1.2,3.3,.367,0.2,1.8,.125,1.0,1.6,.643,.400,1.0,1.4,.692,0.0,1.6,1.6,0.4,0.0,0.1,0.3,0.7,3.7,,strawju01
370,Malaki Branham,22,WAS,SG,11,0,8.0,1.0,2.5,.393,0.2,1.0,.182,0.8,1.5,.529,.429,1.5,1.8,.800,0.5,1.2,1.6,0.9,0.2,0.1,0.5,0.5,3.6,,branhma01
371,Larry Nance Jr.,33,CLE,PF,16,2,15.0,1.4,4.1,.354,0.6,2.1,.303,0.8,2.0,.406,.431,0.1,0.2,.333,0.8,2.0,2.8,1.3,0.6,0.3,0.6,2.4,3.6,,nancela02
372,Noah Penda,21,ORL,SF,13,0,8.8,1.3,2.7,.486,0.5,0.8,.600,0.8,1.9,.440,.571,0.5,0.8,.636,1.6,1.6,3.2,1.1,0.1,0.2,0.5,0.9,3.6,,pendano01
373,Ochai Agbaji,25,TOR,SG,17,1,14.0,1.4,3.6,.393,0.1,1.2,.100,1.3,2.4,.537,.410,0.5,0.7,.750,0.5,1.5,1.9,0.7,0.4,0.2,0.3,1.8,3.5,,agbajoc01
374,Charles Bassey,25,MEM,C,2,0,15.5,1.5,4.0,.375,0.0,0.0,,1.5,4.0,.375,.375,0.5,1.5,.333,3.5,4.0,7.5,1.0,0.5,0.5,0.5,2.5,3.5,,bassech01
375,Adem Bona,22,PHI,C,17,3,16.1,1.3,2.4,.550,0.1,0.2,.333,1.2,2.2,.568,.563,0.8,1.4,.583,1.5,2.2,3.7,0.2,0.4,1.5,0.7,1.9,3.5,,bonaad01
376,Jordan McLaughlin,29,SAS,PG,8,0,9.3,1.3,3.0,.417,0.6,1.9,.333,0.6,1.1,.556,.521,0.4,0.4,1.000,0.4,0.4,0.8,1.3,0.9,0.0,0.3,0.9,3.5,,mclaujo01
377,Antonio Reeves,25,CHO,SG,6,0,8.8,1.3,2.7,.500,0.8,1.7,.500,0.5,1.0,.500,.656,0.0,0.0,,0.2,0.7,0.8,0.3,0.2,0.0,0.0,0.5,3.5,,reevean01
378,Hugo González,19,BOS,SF,19,1,11.3,1.4,2.7,.519,0.5,1.0,.474,0.9,1.7,.545,.606,0.1,0.3,.400,0.6,1.4,2.0,0.5,0.7,0.2,0.6,1.8,3.4,,gonzahu01
379,Jase Richardson,20,ORL,SG,14,0,6.6,1.2,2.4,.500,0.4,1.0,.429,0.8,1.4,.550,.588,0.5,0.6,.778,0.3,0.6,0.9,0.9,0.2,0.0,0.3,0.5,3.4,,richaja02
380,Gui Santos,23,GSW,PF,18,1,9.3,1.2,3.0,.389,0.5,1.8,.273,0.7,1.2,.571,.472,0.6,0.8,.714,0.8,1.1,1.9,0.6,0.3,0.1,0.8,1.3,3.4,,santogu01
381,Baylor Scheierman,25,BOS,SG,20,0,12.1,1.3,2.3,.556,0.9,1.8,.486,0.4,0.5,.800,.744,0.1,0.1,1.000,0.4,1.6,2.0,0.8,0.5,0.1,0.4,1.4,3.4,,scheiba01
382,Thomas Bryant,28,CLE,C,18,0,7.8,1.2,2.9,.423,0.3,1.4,.200,0.9,1.5,.630,.471,0.6,0.8,.733,0.5,1.7,2.2,0.2,0.3,0.3,0.2,1.0,3.3,,bryanth01
383,Chaz Lanier,24,DET,SG,13,0,10.2,1.1,3.2,.333,0.9,2.8,.324,0.2,0.4,.400,.476,0.2,0.2,1.000,0.5,0.6,1.1,0.8,0.3,0.0,0.1,0.2,3.3,,laniech01
384,David Jones García,24,SAS,SF,10,0,6.7,1.3,2.5,.520,0.3,0.5,.600,1.0,2.0,.500,.580,0.3,0.6,.500,0.4,0.8,1.2,1.8,0.6,0.1,0.5,0.6,3.2,,jonesda06
385,Pete Nance,25,MIL,PF,5,0,3.2,1.2,1.8,.667,0.8,1.4,.571,0.4,0.4,1.000,.889,0.0,0.0,,0.0,0.6,0.6,0.2,0.0,0.0,0.0,0.0,3.2,,nancepe01
386,Guerschon Yabusele,30,NYK,C,22,0,10.1,1.2,2.9,.406,0.6,2.0,.302,0.6,1.0,.619,.508,0.3,0.5,.600,0.7,1.5,2.2,0.4,0.1,0.2,0.3,1.2,3.2,,yabusgu01
387,Mark Sears,23,MIL,PG,7,0,3.7,0.9,1.9,.462,0.6,1.1,.500,0.3,0.7,.400,.615,0.9,1.1,.750,0.1,0.1,0.3,0.3,0.0,0.0,0.6,0.6,3.1,,searsma01
388,Dalen Terry,23,CHI,SG,13,0,11.2,1.3,2.8,.472,0.2,1.0,.231,1.1,1.8,.609,.514,0.2,0.5,.429,0.6,1.2,1.8,1.5,0.8,0.3,0.7,1.2,3.1,,terryda01
389,Jonathan Isaac,28,ORL,PF,21,0,10.2,1.1,2.4,.460,0.2,1.1,.208,0.9,1.2,.692,.510,0.5,1.0,.500,0.8,2.3,3.1,0.1,0.3,0.5,0.4,0.7,3.0,,isaacjo01
390,John Konchar,29,MEM,SG,22,0,13.0,1.2,2.3,.510,0.4,1.3,.321,0.8,1.0,.739,.598,0.3,0.4,.667,0.5,2.1,2.7,1.2,0.9,0.3,0.3,0.9,3.0,,konchjo01
391,Chris Livingston,22,CLE,SF,3,0,5.7,1.3,2.3,.571,0.0,1.0,.000,1.3,1.3,1.000,.571,0.3,0.3,1.000,0.0,1.0,1.0,0.3,0.3,0.0,0.0,1.3,3.0,,livinch01
392,Jahmai Mashack,23,MEM,SG,2,0,4.5,1.0,2.5,.400,1.0,2.0,.500,0.0,0.5,.000,.600,0.0,0.0,,0.0,1.0,1.0,0.0,0.0,0.0,0.0,0.0,3.0,,mashaja01
393,Emanuel Miller,25,CHI,PF,5,0,6.6,1.2,2.6,.462,0.4,1.2,.333,0.8,1.4,.571,.538,0.2,0.4,.500,0.2,0.4,0.6,0.8,0.4,0.0,0.0,0.4,3.0,,milleem01
394,Riley Minix,25,SAS,SF,3,0,2.7,1.3,2.0,.667,0.3,1.0,.333,1.0,1.0,1.000,.750,0.0,0.0,,0.3,0.3,0.7,0.3,0.3,0.0,0.0,0.3,3.0,,minixri01
395,Monte Morris,30,IND,PG,6,0,10.8,1.2,3.3,.350,0.3,1.3,.250,0.8,2.0,.417,.400,0.3,0.7,.500,0.2,1.0,1.2,1.5,0.2,0.2,0.3,0.5,3.0,,morrimo01
396,Julian Phillips,22,CHI,SF,21,2,10.4,1.1,2.6,.436,0.4,1.4,.300,0.7,1.2,.600,.518,0.2,0.3,.833,0.8,0.7,1.4,0.3,0.5,0.2,0.1,1.1,3.0,,phillju01
397,Moussa Cisse,23,DAL,C,18,1,10.1,1.2,1.9,.618,0.0,0.0,,1.2,1.9,.618,.618,0.6,1.5,.407,1.3,2.1,3.3,0.2,0.2,1.1,0.7,1.6,2.9,,cissemo01
398,Chris Paul,40,LAC,PG,16,0,14.3,1.1,3.5,.321,0.6,1.9,.333,0.5,1.6,.308,.411,0.1,0.1,.500,0.4,1.4,1.8,3.3,0.7,0.0,1.0,1.4,2.9,,paulch01
399,Jae'Sean Tate,30,HOU,SF,14,0,8.3,1.2,2.3,.531,0.4,0.9,.417,0.9,1.4,.600,.609,0.1,0.1,1.000,0.6,1.0,1.6,0.5,0.3,0.0,0.3,1.4,2.9,,tateja01
400,Bobi Klintman,22,DET,SF,6,0,8.8,1.2,3.5,.333,0.5,1.8,.273,0.7,1.7,.400,.405,0.0,0.5,.000,0.8,1.8,2.7,0.7,0.3,0.0,0.8,1.5,2.8,,klintbo01
401,Yanic Konan Niederhäuser,22,LAC,C,11,0,5.2,1.2,1.6,.722,0.0,0.0,,1.2,1.6,.722,.722,0.5,0.9,.500,0.6,0.7,1.4,0.3,0.0,0.3,0.3,0.4,2.8,,konanya01
402,Xavier Tillman Sr.,27,BOS,C,11,1,9.4,1.3,2.5,.500,0.3,1.2,.231,1.0,1.4,.733,.554,0.0,0.0,,0.9,1.3,2.2,0.5,0.5,0.2,0.4,0.8,2.8,,tillmxa01
403,Kevon Looney,29,NOP,C,12,6,12.9,1.2,2.8,.424,0.1,0.6,.143,1.1,2.2,.500,.439,0.3,0.5,.500,1.7,2.3,3.9,1.4,0.3,0.4,0.5,2.1,2.7,,looneke01
404,Jericho Sims,27,MIL,C,19,3,14.3,1.2,1.4,.852,0.0,0.0,,1.2,1.4,.852,.852,0.3,0.4,.714,1.3,2.4,3.7,0.7,0.2,0.3,0.7,1.6,2.7,,simsje01
405,Yang Hansen,20,POR,C,13,1,7.7,0.9,3.1,.300,0.1,1.2,.063,0.8,1.8,.458,.313,0.7,0.8,.900,0.5,1.3,1.8,0.8,0.0,0.4,0.7,1.0,2.6,,yangha01
406,Carter Bryant,20,SAS,PF,18,0,7.9,0.9,2.8,.333,0.4,1.6,.286,0.5,1.3,.391,.412,0.2,0.2,.750,0.3,1.3,1.7,0.1,0.2,0.1,0.3,0.8,2.5,,bryanca01
407,Caleb Houstan,23,ATL,SF,8,0,5.4,0.8,1.6,.462,0.6,1.3,.500,0.1,0.4,.333,.654,0.4,0.4,1.000,0.5,0.1,0.6,0.3,0.1,0.1,0.5,0.6,2.5,,houstca01
408,GG Jackson II,21,MEM,PF,8,0,6.8,0.9,3.5,.250,0.0,1.5,.000,0.9,2.0,.438,.250,0.8,1.1,.667,0.4,1.4,1.8,0.3,0.5,0.1,0.3,0.5,2.5,,jacksgg01
409,Tyus Jones,29,ORL,PG,24,1,14.0,1.0,2.8,.343,0.5,1.7,.275,0.5,1.1,.444,.425,0.1,0.1,1.000,0.2,0.6,0.8,2.0,0.7,0.1,0.3,0.6,2.5,,jonesty01
410,Isaiah Livers,27,PHO,PF,13,0,12.2,0.8,2.2,.345,0.5,1.8,.292,0.2,0.4,.600,.466,0.4,0.5,.833,0.6,1.5,2.2,0.4,0.5,0.4,0.4,1.1,2.5,,liveris01
411,Elijah Harkless,25,UTA,SG,7,0,9.4,0.6,1.6,.364,0.3,1.0,.286,0.3,0.6,.500,.455,1.0,1.3,.778,0.3,0.6,0.9,0.7,0.6,0.0,0.4,1.4,2.4,,harklej01
412,Dwight Powell,34,DAL,C,20,1,10.9,0.7,1.0,.650,0.0,0.0,,0.7,1.0,.650,.650,1.1,1.5,.724,0.9,1.3,2.1,0.9,0.5,0.2,0.5,2.0,2.4,,poweldw01
413,Chris Boucher,33,BOS,PF,8,0,11.4,0.9,2.8,.318,0.1,1.5,.083,0.8,1.3,.600,.341,0.4,0.5,.750,0.3,2.0,2.3,0.4,0.6,0.9,0.1,2.0,2.3,,bouchch01
414,Gary Harris,31,MIL,SG,16,0,13.3,0.8,1.9,.433,0.4,1.0,.375,0.4,0.9,.500,.533,0.3,0.3,1.000,0.3,1.1,1.4,1.2,0.8,0.1,0.5,1.2,2.3,,harriga01
415,Zeke Nnaji,25,DEN,PF,13,1,8.5,0.8,1.5,.550,0.2,0.8,.273,0.6,0.7,.889,.625,0.4,0.5,.714,0.3,1.2,1.5,0.2,0.2,0.2,0.5,1.2,2.3,,nnajize01
416,Jalen Pickett,26,DEN,SG,10,1,7.2,0.9,1.9,.474,0.4,1.0,.400,0.5,0.9,.556,.579,0.1,0.1,1.000,0.3,0.8,1.1,1.0,0.1,0.0,0.4,0.6,2.3,,pickeja02
417,Orlando Robinson,25,ORL,C,3,1,7.3,1.0,1.7,.600,0.3,0.7,.500,0.7,1.0,.667,.700,0.0,0.0,,0.7,0.3,1.0,0.7,0.3,0.0,0.0,1.0,2.3,,robinor01
418,Lindy Waters III,28,SAS,SG,11,0,7.5,0.8,2.1,.391,0.6,1.9,.333,0.2,0.2,1.000,.543,0.0,0.0,,0.2,1.0,1.2,0.5,0.2,0.0,0.1,0.9,2.3,,waterli01
419,Johnny Furphy,21,IND,SG,6,0,13.3,0.8,2.0,.417,0.5,1.2,.429,0.3,0.8,.400,.542,0.0,0.0,,0.3,1.5,1.8,0.2,0.7,0.0,0.8,1.5,2.2,,furphjo01
420,Luke Travers,24,CLE,SG,11,0,8.8,0.6,3.1,.206,0.1,1.5,.063,0.5,1.6,.333,.221,0.8,0.8,1.000,0.7,1.2,1.9,0.8,0.5,0.4,0.2,0.5,2.2,,travelu01
421,Cody Williams,21,UTA,SG,13,0,12.2,1.0,3.1,.325,0.2,1.5,.105,0.8,1.6,.524,.350,0.1,0.2,.333,0.2,0.7,0.9,0.5,0.2,0.2,0.4,1.5,2.2,,willico04
422,Devin Carter,23,SAC,PG,8,0,8.1,0.6,2.6,.238,0.3,1.4,.182,0.4,1.3,.300,.286,0.6,0.6,1.000,0.4,1.1,1.5,1.1,0.8,0.1,0.8,1.0,2.1,,cartede02
423,Jeff Green,39,HOU,PF,10,0,4.8,0.8,1.6,.500,0.5,1.2,.417,0.3,0.4,.750,.656,0.0,0.0,,0.1,0.3,0.4,0.1,0.0,0.1,0.0,0.4,2.1,,greenje02
424,Jamir Watkins,24,WAS,SG,7,1,9.6,0.7,1.6,.455,0.1,0.7,.200,0.6,0.9,.667,.500,0.6,0.6,1.000,0.3,1.3,1.6,0.4,0.0,0.1,0.1,1.3,2.1,,watkija01
425,Thanasis Antetokounmpo,33,MIL,SF,9,0,2.6,0.7,0.9,.750,0.0,0.0,,0.7,0.9,.750,.750,0.7,1.0,.667,0.2,0.2,0.4,0.0,0.3,0.3,0.1,0.8,2.0,,antetth01
426,Joan Beringer,19,MIN,PF,9,0,4.1,0.9,1.2,.727,0.0,0.0,,0.9,1.2,.727,.727,0.2,0.3,.667,0.2,1.1,1.3,0.0,0.1,0.2,0.2,1.0,2.0,,berinjo01
427,Koby Brea,23,PHO,SG,2,0,4.0,0.5,1.5,.333,0.0,1.0,.000,0.5,0.5,1.000,.333,1.0,1.0,1.000,0.0,0.5,0.5,1.0,0.0,0.0,0.0,0.0,2.0,,breako01
428,Hunter Dickinson,25,NOP,C,1,0,5.0,1.0,2.0,.500,0.0,0.0,,1.0,2.0,.500,.500,0.0,0.0,,0.0,0.0,0.0,0.0,0.0,1.0,2.0,2.0,2.0,,dickihu01
429,Rasheer Fleming,21,PHO,PF,12,0,5.7,0.7,2.3,.296,0.3,1.3,.188,0.4,0.9,.455,.352,0.4,0.4,1.000,0.6,0.7,1.3,0.2,0.3,0.2,0.3,0.8,2.0,,flemira01
430,Trentyn Flowers,20,CHI,SF,2,0,3.0,1.0,1.5,.667,0.0,0.5,.000,1.0,1.0,1.000,.667,0.0,0.0,,0.5,0.0,0.5,0.5,0.0,0.0,0.5,0.5,2.0,,flowetr01
431,Ron Harper Jr.,25,BOS,SF,4,0,5.0,0.8,2.5,.300,0.5,2.0,.250,0.3,0.5,.500,.400,0.0,0.0,,0.3,0.5,0.8,1.0,0.3,0.5,0.0,0.5,2.0,,harpero02
432,Bronny James,21,LAL,SG,13,1,9.5,0.8,2.4,.323,0.3,1.1,.286,0.5,1.3,.353,.387,0.2,0.2,1.000,0.3,0.4,0.7,1.6,0.7,0.1,0.8,0.9,2.0,,jamesbr02
433,Colby Jones,23,DET,SG,1,0,7.0,1.0,3.0,.333,0.0,2.0,.000,1.0,1.0,1.000,.333,0.0,0.0,,0.0,4.0,4.0,2.0,0.0,0.0,0.0,1.0,2.0,,jonesco02
434,E.J. Liddell,25,BRK,PF,7,0,4.6,0.7,1.7,.417,0.3,1.1,.250,0.4,0.6,.750,.500,0.3,0.4,.667,0.4,0.9,1.3,0.0,0.0,0.0,0.0,0.6,2.0,,liddeej01
435,Kyle Lowry,39,PHI,PG,3,0,8.0,0.7,1.3,.500,0.7,1.3,.500,0.0,0.0,,.750,0.0,0.0,,0.0,0.3,0.3,1.3,0.3,0.0,0.0,0.3,2.0,,lowryky01
436,Wendell Moore Jr.,24,DET,SG,3,0,14.3,1.0,2.0,.500,0.0,0.3,.000,1.0,1.7,.600,.500,0.0,0.0,,0.3,1.0,1.3,1.0,0.7,0.3,0.3,0.3,2.0,,moorewe01
437,Daeqwon Plowden,27,SAC,SG,1,0,14.0,1.0,5.0,.200,0.0,3.0,.000,1.0,2.0,.500,.200,0.0,0.0,,2.0,0.0,2.0,0.0,0.0,0.0,0.0,0.0,2.0,,plowdda01
438,Jahmir Young,25,MIA,PG,5,0,4.8,0.8,2.2,.364,0.4,1.0,.400,0.4,1.2,.333,.455,0.0,0.0,,0.0,0.4,0.4,0.8,0.2,0.0,0.4,0.6,2.0,,youngja05
439,Anthony Gill,33,WAS,PF,9,0,3.6,0.7,0.8,.857,0.1,0.1,1.000,0.6,0.7,.833,.929,0.4,0.4,1.000,0.2,0.6,0.8,0.0,0.0,0.1,0.4,0.3,1.9,,gillan01
440,PJ Hall,23,MEM,C,7,0,3.9,0.7,1.3,.556,0.1,0.4,.333,0.6,0.9,.667,.611,0.3,0.4,.667,0.4,0.9,1.3,0.3,0.0,0.3,0.1,0.4,1.9,,hallpj01
441,Javonte Cooke,26,POR,SG,4,0,6.8,0.8,2.8,.273,0.3,1.3,.200,0.5,1.5,.333,.318,0.0,0.0,,0.3,0.3,0.5,1.0,0.3,0.0,0.8,0.3,1.8,,cookeja01
442,JD Davison,23,HOU,PG,11,0,6.7,0.7,1.5,.471,0.4,0.8,.444,0.4,0.7,.500,.588,0.0,0.2,.000,0.1,0.3,0.4,0.9,0.3,0.1,0.1,0.4,1.8,,davisjd01
443,Maxi Kleber,34,LAL,PF,10,0,12.1,0.6,1.5,.400,0.3,0.8,.375,0.3,0.7,.429,.500,0.3,0.4,.750,0.6,1.2,1.8,0.6,0.2,0.3,0.2,1.6,1.8,,klebima01
444,Cody Martin,30,IND,SF,4,0,13.8,0.5,2.5,.200,0.0,1.3,.000,0.5,1.3,.400,.200,0.8,1.5,.500,0.3,3.3,3.5,0.5,1.0,0.5,1.0,1.3,1.8,,martico01
445,Nolan Traoré,19,BRK,PG,4,0,8.8,0.5,2.3,.222,0.5,1.5,.333,0.0,0.8,.000,.333,0.3,0.5,.500,0.0,0.3,0.3,1.3,0.5,0.0,0.5,1.3,1.8,,traorno01
446,Chris Youngblood,23,OKC,SG,18,0,5.4,0.5,1.5,.333,0.4,1.2,.318,0.1,0.3,.400,.463,0.4,0.4,1.000,0.2,0.8,1.0,0.3,0.1,0.0,0.1,0.9,1.8,,youngch01
447,Brooks Barnhizer,23,OKC,SG,17,0,7.8,0.7,1.4,.522,0.1,0.2,.250,0.6,1.1,.579,.543,0.2,0.4,.667,0.4,1.6,1.9,0.4,0.2,0.1,0.2,0.6,1.7,,barnhbr01
448,Johni Broome,23,PHI,C,6,0,6.5,0.7,3.3,.200,0.0,0.5,.000,0.7,2.8,.235,.200,0.3,0.7,.500,1.0,1.2,2.2,0.7,0.3,0.0,0.3,0.8,1.7,,broomjo01
449,Dylan Cardwell,24,SAC,C,3,1,11.0,0.7,2.0,.333,0.0,0.3,.000,0.7,1.7,.400,.333,0.3,0.7,.500,0.7,1.0,1.7,0.0,0.7,1.0,0.7,3.3,1.7,,cardwdy01
450,Amir Coffey,28,MIL,SG,18,0,8.1,0.6,1.3,.435,0.2,0.6,.300,0.4,0.7,.538,.500,0.4,0.4,1.000,0.2,0.6,0.8,0.4,0.0,0.1,0.1,0.3,1.7,,coffeam01
451,Harrison Ingram,23,SAS,SF,3,0,3.7,0.7,1.0,.667,0.3,0.3,1.000,0.3,0.7,.500,.833,0.0,0.0,,1.0,0.0,1.0,0.0,0.0,0.0,0.0,0.7,1.7,,ingraha01
452,Leonard Miller,22,MIN,SF,9,0,4.2,0.7,1.3,.500,0.0,0.6,.000,0.7,0.8,.857,.500,0.3,0.6,.600,0.1,1.1,1.2,0.4,0.2,0.0,0.4,0.8,1.7,,millele01
453,Mason Plumlee,35,CHO,C,10,1,9.4,0.5,0.6,.833,0.0,0.0,,0.5,0.6,.833,.833,0.7,1.1,.636,0.7,2.2,2.9,1.1,0.4,0.0,0.6,0.6,1.7,,plumlma01
454,Dario Šarić,31,SAC,C,3,0,9.3,0.3,1.7,.200,0.3,0.7,.500,0.0,1.0,.000,.300,0.7,0.7,1.000,0.3,1.3,1.7,0.7,0.0,0.0,0.3,0.0,1.7,,saricda01
455,Jamal Cain,26,ORL,SF,5,0,6.2,0.6,1.6,.375,0.2,1.0,.200,0.4,0.6,.667,.438,0.2,0.4,.500,0.4,0.4,0.8,0.4,0.2,0.2,0.4,0.8,1.6,,cainja01
456,Taelon Peter,23,IND,SG,15,0,7.1,0.5,1.9,.241,0.4,1.8,.222,0.1,0.1,.500,.345,0.3,0.3,.800,0.3,0.8,1.1,0.9,0.1,0.1,0.6,0.4,1.6,,peterta01
457,Jacob Toppin,25,ATL,SF,5,0,3.4,0.8,1.2,.667,0.0,0.0,,0.8,1.2,.667,.667,0.0,0.0,,0.0,0.2,0.2,0.2,0.0,0.2,0.0,0.2,1.6,,toppija01
458,Tyson Etienne,26,BRK,PG,8,0,4.3,0.5,1.9,.267,0.5,1.6,.308,0.0,0.3,.000,.400,0.0,0.0,,0.0,0.0,0.0,0.1,0.0,0.0,0.1,0.6,1.5,,etienty01
459,Myron Gardner,24,MIA,SF,4,0,2.3,0.5,0.5,1.000,0.5,0.5,1.000,0.0,0.0,,1.500,0.0,0.0,,0.0,0.5,0.5,0.3,0.0,0.0,0.0,1.0,1.5,,gardnmy01
460,Nigel Hayes-Davis,31,PHO,SF,17,0,8.9,0.7,2.1,.333,0.1,0.7,.083,0.6,1.4,.458,.347,0.1,0.1,.500,0.5,0.8,1.3,0.4,0.4,0.1,0.4,0.8,1.5,,hayesni01
461,DaRon Holmes,23,DEN,PF,2,0,2.0,0.5,0.5,1.000,0.5,0.5,1.000,0.0,0.0,,1.500,0.0,0.0,,0.0,0.0,0.0,0.0,0.0,0.0,0.0,0.5,1.5,,holmeda01
462,Andre Jackson Jr.,24,MIL,SG,11,0,6.9,0.5,1.5,.313,0.2,0.7,.250,0.3,0.7,.375,.375,0.3,0.4,.750,0.5,0.5,0.9,1.5,0.5,0.2,0.5,1.0,1.4,,jacksan01
463,Khaman Maluach,19,PHO,C,11,0,4.5,0.4,0.9,.400,0.0,0.3,.000,0.4,0.6,.571,.400,0.6,0.7,.875,0.2,0.6,0.8,0.1,0.0,0.4,0.5,0.9,1.4,,maluakh01
464,Rayan Rupert,21,POR,SG,17,0,7.6,0.5,1.8,.300,0.2,0.9,.250,0.3,0.8,.357,.367,0.1,0.2,.500,0.2,1.3,1.5,0.2,0.4,0.1,0.5,1.0,1.4,,ruperra01
465,Isaac Jones,25,2TM,PF,4,1,4.5,0.5,1.0,.500,0.0,0.5,.000,0.5,0.5,1.000,.500,0.3,0.5,.500,0.5,0.0,0.5,0.3,0.0,0.0,0.0,1.0,1.3,,jonesis01
465,Isaac Jones,25,SAC,PF,3,1,5.7,0.3,0.7,.500,0.0,0.3,.000,0.3,0.3,1.000,.500,0.3,0.7,.500,0.7,0.0,0.7,0.3,0.0,0.0,0.0,1.3,1.0,,jonesis01
465,Isaac Jones,25,DET,PF,1,0,1.0,1.0,2.0,.500,0.0,1.0,.000,1.0,1.0,1.000,.500,0.0,0.0,,0.0,0.0,0.0,0.0,0.0,0.0,0.0,0.0,2.0,,jonesis01
466,Ariel Hukporti,23,NYK,C,15,2,8.3,0.5,0.9,.538,0.0,0.0,,0.5,0.9,.538,.538,0.3,0.5,.625,1.0,1.6,2.6,0.5,0.1,0.5,0.6,1.4,1.3,,hukpoar01
467,Drew Peterson,26,CHO,PF,4,0,13.3,0.5,3.5,.143,0.0,2.8,.000,0.5,0.8,.667,.143,0.3,0.5,.500,0.5,1.3,1.8,0.5,0.8,0.3,0.0,0.8,1.3,,peterdr01
468,Adou Thiero,21,LAL,SF,8,0,6.4,0.4,0.6,.600,0.0,0.0,,0.4,0.6,.600,.600,0.5,0.6,.800,0.5,0.3,0.8,0.1,0.3,0.0,0.4,1.1,1.3,,thierad01
469,Caleb Martin,30,DAL,SF,22,0,9.1,0.4,1.7,.243,0.1,0.6,.154,0.3,1.1,.292,.270,0.3,0.4,.875,0.5,1.0,1.5,0.9,0.5,0.1,0.4,1.6,1.2,,martica02
470,Hunter Sallis,22,PHI,SG,6,0,4.2,0.5,0.8,.600,0.0,0.0,,0.5,0.8,.600,.600,0.2,0.3,.500,0.0,0.2,0.2,0.7,0.0,0.2,0.8,0.3,1.2,,sallihu01
471,Johnny Juzang,24,MIN,SG,8,0,2.8,0.4,1.1,.333,0.3,0.9,.286,0.1,0.3,.500,.444,0.1,0.3,.500,0.1,0.3,0.4,0.1,0.0,0.0,0.1,0.4,1.1,,juzanjo01
472,Curtis Jones,24,DEN,SG,2,0,1.5,0.5,1.5,.333,0.0,0.5,.000,0.5,1.0,.500,.333,0.0,0.0,,0.5,0.5,1.0,0.0,0.0,0.0,0.0,0.0,1.0,,jonescu01
473,Miles Kelly,23,DAL,PG,2,0,5.5,0.5,1.0,.500,0.0,0.5,.000,0.5,0.5,1.000,.500,0.0,0.0,,0.5,1.5,2.0,0.0,0.0,0.0,0.5,1.0,1.0,,kellymi02
474,Jonathan Mogbo,24,TOR,PF,10,0,4.8,0.5,1.1,.455,0.0,0.0,,0.5,1.1,.455,.455,0.0,0.0,,0.5,0.9,1.4,0.6,0.1,0.3,0.1,0.5,1.0,,mogbojo01
475,Garrett Temple,39,TOR,SG,4,0,4.3,0.3,0.8,.333,0.3,0.5,.500,0.0,0.3,.000,.500,0.3,0.5,.500,0.0,0.5,0.5,0.3,0.5,0.3,0.3,0.5,1.0,,templga01
476,Drew Timme,25,LAL,PF,2,0,4.0,0.5,1.0,.500,0.0,0.5,.000,0.5,0.5,1.000,.500,0.0,0.0,,0.5,0.5,1.0,1.5,0.5,0.0,0.0,0.0,1.0,,timmedr01
477,Bismack Biyombo,33,SAS,C,8,1,7.3,0.4,0.5,.750,0.0,0.0,,0.4,0.5,.750,.750,0.1,0.3,.500,0.3,0.5,0.8,0.4,0.4,0.1,0.4,1.3,0.9,,biyombi01
478,N'Faly Dante,24,ATL,C,4,0,3.8,0.3,1.0,.250,0.0,0.0,,0.3,1.0,.250,.250,0.3,0.3,1.000,0.8,1.0,1.8,0.0,0.5,0.0,0.3,0.3,0.8,,nfalyda01
479,Mohamed Diawara,20,NYK,SF,16,0,3.4,0.3,0.8,.385,0.1,0.4,.333,0.2,0.4,.429,.462,0.0,0.1,.000,0.2,0.5,0.7,0.5,0.2,0.1,0.3,0.5,0.8,,diawamo01
480,AJ Johnson,21,WAS,SG,10,0,4.5,0.2,1.3,.154,0.0,0.3,.000,0.2,1.0,.200,.154,0.3,0.4,.750,0.2,0.4,0.6,0.4,0.0,0.0,0.2,0.3,0.7,,johnsaj01
481,Amari Williams,24,BOS,PF,6,0,5.2,0.2,0.3,.500,0.0,0.0,,0.2,0.3,.500,.500,0.2,0.3,.500,0.3,0.8,1.2,0.2,0.2,0.3,0.0,0.7,0.5,,william01
482,Pacome Dadiet,20,NYK,SG,9,0,2.4,0.1,0.7,.167,0.0,0.3,.000,0.1,0.3,.333,.167,0.2,0.2,1.000,0.0,0.6,0.6,0.2,0.0,0.0,0.0,0.1,0.4,,dadiepa01
483,Lachlan Olbrich,22,CHI,C,5,0,7.2,0.2,1.2,.167,0.0,0.6,.000,0.2,0.6,.333,.167,0.0,0.0,,0.6,1.6,2.2,0.6,0.0,0.0,0.4,1.6,0.4,,olbrila01
484,Hunter Tyson,25,DEN,PF,8,0,3.5,0.0,1.1,.000,0.0,0.6,.000,0.0,0.5,.000,.000,0.3,0.3,1.000,0.1,1.4,1.5,0.4,0.1,0.0,0.0,0.4,0.3,,tysonhu01
485,Jahmyl Telfort,24,LAC,PF,8,0,4.0,0.0,0.5,.000,0.0,0.5,.000,0.0,0.0,,.000,0.1,0.5,.250,0.0,0.4,0.4,0.1,0.1,0.0,0.1,0.6,0.1,,telfoja01
486,Sharife Cooper,24,WAS,PG,4,0,2.5,0.0,0.3,.000,0.0,0.3,.000,0.0,0.0,,.000,0.0,0.0,,0.0,0.0,0.0,0.0,0.0,0.0,0.3,0.3,0.0,,coopesh01
487,Isaiah Crawford,24,HOU,SF,2,0,2.5,0.0,0.5,.000,0.0,0.5,.000,0.0,0.0,,.000,0.0,0.0,,0.0,0.0,0.0,0.0,0.0,0.0,0.0,0.0,0.0,,crawfis01
488,Noa Essengue,19,CHI,PF,2,0,3.0,0.0,1.5,.000,0.0,1.0,.000,0.0,0.5,.000,.000,0.0,0.0,,0.0,0.0,0.0,0.0,0.5,0.0,0.0,0.5,0.0,,essenno01
489,Tosan Evbuomwan,24,NYK,SF,3,0,2.0,0.0,0.3,.000,0.0,0.0,,0.0,0.3,.000,.000,0.0,0.0,,0.3,0.3,0.7,0.0,0.0,0.0,0.0,0.0,0.0,,evbuoto01
490,Chucky Hepburn,22,TOR,PG,1,0,5.0,0.0,3.0,.000,0.0,2.0,.000,0.0,1.0,.000,.000,0.0,0.0,,0.0,1.0,1.0,0.0,1.0,0.0,0.0,1.0,0.0,,hepbuch01
491,Joe Ingles,38,MIN,SF,8,0,2.9,0.0,0.3,.000,0.0,0.3,.000,0.0,0.0,,.000,0.0,0.0,,0.0,0.0,0.0,0.8,0.1,0.0,0.0,0.3,0.0,,inglejo01
492,Kasparas Jakučionis,19,MIA,PG,1,0,1.0,0.0,2.0,.000,0.0,0.0,,0.0,2.0,.000,.000,0.0,0.0,,0.0,0.0,0.0,0.0,1.0,0.0,0.0,0.0,0.0,,jakucka01
493,Trey Jemison,26,NYK,C,3,0,3.3,0.0,0.0,,0.0,0.0,,0.0,0.0,,,0.0,0.0,,0.3,0.7,1.0,0.0,0.0,0.0,0.3,0.7,0.0,,jemistr01
494,Christian Koloko,25,LAL,C,2,0,3.0,0.0,0.0,,0.0,0.0,,0.0,0.0,,,0.0,0.0,,0.0,0.5,0.5,0.0,0.0,0.0,0.0,0.5,0.0,,kolokch01
495,Chris Mañon,24,LAL,SG,2,0,3.5,0.0,0.5,.000,0.0,0.5,.000,0.0,0.0,,.000,0.0,0.0,,0.0,1.0,1.0,0.0,0.0,0.5,0.0,1.0,0.0,,manonch01
496,Alijah Martin,24,TOR,SG,1,0,4.0,0.0,1.0,.000,0.0,0.0,,0.0,1.0,.000,.000,0.0,0.0,,0.0,0.0,0.0,0.0,1.0,0.0,0.0,0.0,0.0,,martial01
497,Marcus Sasser,25,DET,PG,1,0,4.0,0.0,1.0,.000,0.0,1.0,.000,0.0,0.0,,.000,0.0,0.0,,0.0,0.0,0.0,2.0,0.0,0.0,0.0,3.0,0.0,,sassema01
,League Average,,,,,,,,,.470,,,.360,,,.548,.545,,,.789,,,,,,,,,,,-9999